source,target,weight,time
0,1,6,0
0,2,12,0
0,3,3,0
0,4,1,0
0,5,1,0
0,6,10,0
0,7,18,0
0,8,7,0
0,15,4,0
0,16,1,0
0,19,3,0
0,20,2,0
0,21,3,0
0,23,1,0
0,25,2,0
2,0,1,0
2,4,3,0
2,6,3,0
2,9,2,0
2,10,1,0
2,15,3,0
2,18,2,0
2,23,3,0
2,27,1,0
3,2,1,0
3,4,1,0
3,9,2,0
4,0,7,0
4,1,2,0
4,4,5,0
4,5,1,0
4,6,2,0
4,7,2,0
4,12,1,0
4,15,1,0
4,18,1,0
4,23,2,0
5,0,1,0
6,0,6,0
6,3,1,0
7,9,1,0
7,22,2,0
9,0,2,0
9,2,1,0
9,8,3,0
9,13,2,0
9,14,8,0
9,17,2,0
9,24,2,0
9,28,1,0
10,0,10,0
10,11,12,0
10,12,3,0
10,13,1,0
10,16,2,0
10,28,1,0
11,0,1,0
11,1,1,0
12,0,10,0
12,2,7,0
12,3,2,0
12,4,3,0
12,5,4,0
12,13,2,0
12,15,2,0
12,20,2,0
12,23,1,0
14,0,9,0
14,3,2,0
14,7,1,0
14,10,1,0
14,20,1,0
16,0,3,0
16,9,2,0
16,17,2,0
16,26,2,0
16,28,1,0
17,0,3,0
17,1,8,0
17,4,6,0
17,9,4,0
17,15,2,0
17,23,1,0
18,7,1,0
18,8,1,0
18,26,2,0
20,1,1,0
20,8,2,0
20,11,2,0
21,0,1,0
21,1,3,0
21,5,1,0
21,12,1,0
21,14,4,0
21,16,1,0
21,19,2,0
22,0,14,0
22,2,2,0
22,12,2,0
24,1,2,0
24,2,3,0
24,3,1,0
24,18,2,0
24,29,2,0
25,1,1,0
25,2,2,0
25,4,2,0
25,5,2,0
25,9,1,0
25,17,1,0
26,7,2,0
26,8,12,0
26,13,1,0
26,14,4,0
26,15,2,0
26,28,2,0
27,0,3,0
27,12,2,0
27,15,1,0
28,17,3,0
29,19,2,0
29,28,1,0
0,1,12,1
0,2,3,1
0,3,2,1
0,4,3,1
0,5,14,1
0,6,9,1
0,7,11,1
0,9,1,1
0,10,15,1
0,12,2,1
0,15,1,1
0,16,8,1
0,17,6,1
0,18,1,1
0,20,4,1
0,22,1,1
0,26,2,1
0,27,4,1
0,28,4,1
1,3,2,1
2,0,9,1
2,1,1,1
2,2,3,1
2,4,1,1
2,15,1,1
2,27,4,1
2,29,3,1
3,2,1,1
3,4,1,1
3,5,1,1
4,0,5,1
4,1,2,1
4,3,4,1
4,4,4,1
4,5,2,1
4,13,2,1
4,15,1,1
4,18,2,1
4,20,4,1
4,21,1,1
6,0,1,1
6,2,1,1
7,0,16,1
9,2,2,1
9,13,3,1
9,14,4,1
9,17,2,1
10,0,4,1
10,5,1,1
10,11,1,1
10,13,2,1
10,14,2,1
10,19,1,1
11,0,1,1
12,0,8,1
12,2,5,1
12,3,4,1
12,5,2,1
12,9,2,1
12,13,1,1
12,20,4,1
12,27,3,1
12,29,4,1
14,0,17,1
14,1,2,1
15,0,2,1
15,1,1,1
16,0,1,1
16,12,3,1
16,14,1,1
16,28,2,1
17,0,3,1
17,1,3,1
17,2,3,1
17,9,1,1
17,15,2,1
17,17,2,1
17,22,2,1
18,0,2,1
18,8,1,1
18,11,3,1
18,19,1,1
18,26,1,1
20,0,1,1
21,0,5,1
21,2,2,1
21,7,1,1
21,11,3,1
21,12,1,1
21,13,2,1
21,19,1,1
21,25,2,1
22,0,15,1
22,6,3,1
22,12,1,1
22,15,2,1
22,27,3,1
24,0,2,1
24,1,3,1
24,2,4,1
24,23,2,1
25,4,1,1
26,1,2,1
26,8,2,1
26,13,1,1
26,15,1,1
26,17,1,1
26,26,2,1
26,28,1,1
27,1,1,1
27,3,1,1
27,10,1,1
28,17,4,1
29,0,2,1
0,1,10,2
0,3,3,2
0,4,7,2
0,5,3,2
0,6,12,2
0,7,13,2
0,8,6,2
0,9,2,2
0,10,6,2
0,11,1,2
0,14,2,2
0,15,4,2
0,16,2,2
0,17,3,2
0,20,4,2
0,23,1,2
0,26,2,2
0,29,1,2
1,3,1,2
2,0,1,2
2,1,2,2
2,7,1,2
2,9,1,2
2,18,2,2
3,1,2,2
3,2,1,2
3,3,2,2
3,4,1,2
3,5,1,2
3,9,1,2
3,15,2,2
3,16,1,2
3,29,1,2
4,1,5,2
4,3,6,2
4,4,4,2
4,5,2,2
4,13,2,2
4,15,1,2
6,0,2,2
7,0,8,2
7,9,1,2
7,15,2,2
7,22,4,2
9,8,2,2
9,13,4,2
9,14,2,2
9,17,1,2
9,19,3,2
10,0,4,2
10,11,4,2
10,13,1,2
10,14,3,2
10,28,1,2
11,0,2,2
11,1,1,2
11,4,1,2
11,6,1,2
11,16,2,2
12,0,9,2
12,2,8,2
12,3,4,2
12,4,2,2
12,5,2,2
12,6,2,2
12,7,1,2
12,11,5,2
12,18,2,2
12,20,4,2
12,21,2,2
12,25,1,2
14,0,15,2
14,1,2,2
14,7,2,2
14,9,2,2
14,11,1,2
14,18,1,2
15,0,4,2
16,11,1,2
16,13,2,2
16,14,2,2
16,28,4,2
17,0,5,2
17,1,7,2
17,2,12,2
17,4,5,2
17,6,1,2
17,21,4,2
17,24,2,2
17,29,3,2
18,8,1,2
18,19,4,2
21,0,4,2
21,12,1,2
21,14,2,2
22,0,13,2
22,3,1,2
22,5,1,2
24,0,4,2
24,1,1,2
24,3,5,2
24,18,3,2
24,21,2,2
24,24,2,2
25,0,1,2
25,2,2,2
25,3,1,2
26,0,1,2
26,1,1,2
26,8,3,2
26,12,2,2
26,13,4,2
26,14,2,2
26,17,1,2
26,26,1,2
27,0,4,2
27,2,1,2
27,3,2,2
28,0,2,2
28,17,2,2
29,0,2,2
29,28,2,2
0,1,15,3
0,2,1,3
0,3,10,3
0,4,5,3
0,6,6,3
0,7,15,3
0,8,5,3
0,11,1,3
0,12,1,3
0,13,2,3
0,14,1,3
0,16,1,3
0,17,10,3
0,19,4,3
0,20,1,3
0,23,6,3
0,24,1,3
0,27,2,3
2,0,4,3
2,2,1,3
2,9,5,3
2,17,3,3
2,18,2,3
2,23,1,3
2,29,1,3
3,0,1,3
3,1,1,3
3,2,3,3
3,3,1,3
3,5,2,3
3,17,3,3
4,0,2,3
4,1,7,3
4,3,1,3
4,4,4,3
4,6,2,3
4,9,1,3
4,15,3,3
4,18,3,3
6,0,1,3
6,6,1,3
7,0,7,3
7,3,2,3
7,22,2,3
7,23,1,3
9,8,1,3
9,13,2,3
9,19,3,3
9,28,1,3
10,0,4,3
10,11,1,3
10,12,1,3
10,15,1,3
10,17,2,3
10,26,1,3
11,0,1,3
11,19,2,3
12,0,11,3
12,2,11,3
12,3,14,3
12,4,11,3
12,5,1,3
12,9,3,3
12,10,2,3
12,17,3,3
12,20,5,3
12,21,2,3
12,23,2,3
12,24,1,3
12,25,1,3
12,27,2,3
12,29,2,3
14,0,6,3
14,1,3,3
14,2,1,3
15,22,1,3
16,0,4,3
16,12,3,3
16,14,2,3
16,24,6,3
16,28,2,3
17,0,4,3
17,1,7,3
17,2,3,3
17,5,2,3
17,9,3,3
17,10,4,3
17,15,2,3
17,19,1,3
17,21,2,3
17,23,1,3
18,0,1,3
18,11,2,3
18,12,1,3
18,14,2,3
19,0,2,3
20,29,1,3
21,0,6,3
21,5,3,3
21,7,4,3
21,8,4,3
21,13,2,3
21,18,3,3
22,0,8,3
22,3,1,3
22,9,1,3
22,17,3,3
22,26,1,3
23,0,2,3
23,24,2,3
24,0,4,3
24,1,10,3
24,2,2,3
24,3,3,3
24,5,3,3
25,0,6,3
25,1,1,3
25,2,4,3
25,5,2,3
25,9,2,3
25,12,1,3
26,0,3,3
26,1,2,3
26,7,1,3
26,13,3,3
26,26,2,3
27,1,1,3
27,5,2,3
27,11,2,3
27,16,3,3
27,18,1,3
27,19,9,3
27,22,1,3
28,0,2,3
28,8,2,3
28,11,2,3
28,16,2,3
29,11,3,3
29,13,2,3
0,1,9,4
0,2,9,4
0,3,1,4
0,4,5,4
0,5,2,4
0,6,17,4
0,7,9,4
0,8,5,4
0,9,4,4
0,11,4,4
0,16,1,4
0,18,1,4
0,19,2,4
0,20,2,4
0,23,5,4
0,24,2,4
0,26,1,4
0,27,1,4
1,0,2,4
1,6,2,4
1,10,1,4
1,22,2,4
2,0,1,4
2,2,1,4
2,7,1,4
2,9,1,4
2,15,2,4
2,18,4,4
2,23,1,4
2,28,2,4
2,29,1,4
3,0,1,4
3,4,3,4
3,11,3,4
4,0,6,4
4,1,2,4
4,3,3,4
4,5,1,4
4,7,1,4
4,9,2,4
5,0,1,4
7,0,4,4
7,5,3,4
7,7,2,4
7,15,2,4
7,22,4,4
9,0,1,4
9,13,4,4
9,14,4,4
10,0,2,4
10,9,1,4
10,11,2,4
10,14,1,4
10,26,1,4
10,28,1,4
11,17,1,4
12,0,7,4
12,2,3,4
12,3,2,4
12,4,2,4
12,9,1,4
12,13,1,4
12,14,1,4
12,16,3,4
12,18,1,4
12,20,9,4
12,21,2,4
12,25,2,4
12,26,2,4
14,0,11,4
14,7,1,4
16,0,2,4
16,1,1,4
16,7,1,4
16,12,1,4
16,17,1,4
16,24,3,4
16,26,1,4
16,28,1,4
17,0,1,4
17,1,2,4
17,2,1,4
18,0,2,4
18,8,3,4
18,14,2,4
18,19,1,4
19,0,1,4
19,7,2,4
20,14,1,4
21,19,1,4
22,0,18,4
22,1,1,4
22,2,1,4
22,4,1,4
22,6,1,4
22,10,2,4
22,19,1,4
23,1,1,4
23,3,1,4
24,0,3,4
24,1,1,4
24,2,3,4
24,18,2,4
24,21,3,4
25,0,3,4
25,9,1,4
25,27,3,4
26,0,4,4
26,5,2,4
26,9,3,4
26,14,13,4
27,2,2,4
27,19,3,4
28,11,4,4
28,17,1,4
29,8,1,4
29,14,2,4
0,1,10,5
0,2,6,5
0,3,6,5
0,4,4,5
0,5,7,5
0,6,18,5
0,7,22,5
0,8,12,5
0,9,5,5
0,10,2,5
0,14,2,5
0,16,2,5
0,17,1,5
0,19,4,5
0,20,2,5
0,22,1,5
0,23,10,5
0,27,7,5
0,28,4,5
0,29,1,5
1,0,2,5
1,10,1,5
1,16,1,5
2,0,5,5
2,1,7,5
2,2,2,5
2,3,1,5
2,4,1,5
2,8,1,5
2,15,1,5
2,18,2,5
2,25,2,5
3,1,2,5
3,5,1,5
3,11,3,5
3,12,2,5
3,14,1,5
3,21,2,5
3,24,1,5
4,0,6,5
4,1,7,5
4,3,2,5
4,4,2,5
4,5,2,5
4,11,2,5
4,14,1,5
4,18,1,5
4,20,1,5
4,21,2,5
6,0,2,5
6,6,2,5
7,0,5,5
7,2,2,5
7,4,2,5
7,6,3,5
7,9,2,5
7,21,1,5
7,22,7,5
9,3,2,5
9,13,6,5
9,14,5,5
9,18,2,5
9,19,1,5
10,0,11,5
10,3,2,5
10,9,1,5
10,19,1,5
11,0,1,5
11,2,1,5
12,0,12,5
12,2,18,5
12,3,15,5
12,4,4,5
12,5,7,5
12,6,1,5
12,9,4,5
12,13,2,5
12,17,1,5
12,18,2,5
12,20,12,5
12,21,2,5
12,25,1,5
13,0,2,5
14,0,15,5
14,1,3,5
14,4,5,5
14,10,3,5
16,0,2,5
16,3,2,5
16,8,1,5
16,11,1,5
16,26,2,5
16,28,2,5
17,0,2,5
17,1,7,5
17,2,1,5
17,5,1,5
17,8,2,5
17,9,2,5
17,12,2,5
17,21,2,5
17,22,2,5
17,23,1,5
18,0,3,5
18,1,2,5
18,5,2,5
18,14,1,5
18,17,1,5
18,19,3,5
19,4,2,5
20,8,2,5
20,14,4,5
20,19,1,5
21,0,1,5
21,1,1,5
21,2,2,5
21,4,3,5
21,7,2,5
21,12,1,5
21,28,1,5
22,0,19,5
22,2,1,5
22,6,1,5
22,11,1,5
22,17,1,5
24,0,2,5
24,1,3,5
24,3,1,5
24,5,1,5
24,6,3,5
24,9,3,5
24,10,2,5
24,16,1,5
24,17,3,5
24,20,2,5
25,0,12,5
25,3,2,5
25,5,1,5
25,9,3,5
25,29,3,5
26,0,1,5
26,8,2,5
26,14,6,5
26,18,6,5
26,19,1,5
26,28,3,5
27,3,3,5
27,9,2,5
27,15,1,5
28,7,1,5
28,11,2,5
28,17,2,5
29,7,3,5
29,27,2,5
29,28,1,5
0,1,20,6
0,2,9,6
0,3,8,6
0,4,9,6
0,5,5,6
0,6,18,6
0,7,35,6
0,8,7,6
0,9,3,6
0,10,5,6
0,13,4,6
0,14,2,6
0,16,2,6
0,17,2,6
0,20,1,6
0,21,2,6
0,23,7,6
0,26,2,6
0,27,3,6
0,29,2,6
1,7,2,6
2,0,7,6
2,1,2,6
2,2,7,6
2,3,1,6
2,4,1,6
2,9,4,6
2,10,1,6
2,16,3,6
2,18,5,6
2,21,2,6
2,23,3,6
2,29,1,6
3,0,4,6
3,2,5,6
3,5,2,6
3,21,1,6
3,22,2,6
4,0,7,6
4,1,7,6
4,3,5,6
4,4,5,6
4,5,4,6
4,8,1,6
4,9,2,6
4,15,1,6
4,18,4,6
4,20,2,6
4,23,3,6
4,24,2,6
4,26,1,6
5,0,2,6
6,0,1,6
7,0,8,6
7,4,1,6
7,6,3,6
7,21,1,6
7,22,4,6
7,23,2,6
7,24,3,6
9,8,5,6
9,9,2,6
9,10,1,6
9,13,4,6
9,23,1,6
10,0,8,6
10,5,3,6
10,6,1,6
10,9,2,6
10,11,1,6
10,12,2,6
10,16,1,6
10,24,3,6
11,1,1,6
11,10,2,6
11,13,1,6
12,0,21,6
12,2,16,6
12,3,20,6
12,4,3,6
12,5,2,6
12,7,1,6
12,9,4,6
12,13,1,6
12,15,2,6
12,16,1,6
12,18,7,6
12,20,2,6
12,21,8,6
12,23,4,6
12,26,3,6
12,29,1,6
13,0,3,6
13,16,1,6
14,0,17,6
14,2,1,6
14,8,1,6
14,10,1,6
16,0,1,6
16,16,1,6
16,28,3,6
17,0,5,6
17,1,6,6
17,2,7,6
17,4,5,6
17,5,4,6
17,18,3,6
17,19,2,6
17,21,8,6
17,29,1,6
18,0,1,6
18,11,1,6
18,14,1,6
18,19,2,6
20,8,4,6
20,19,1,6
21,0,4,6
21,4,1,6
21,5,1,6
21,9,1,6
21,13,1,6
21,14,2,6
22,0,29,6
22,1,1,6
22,2,3,6
22,3,3,6
22,6,1,6
22,17,1,6
22,18,2,6
22,26,1,6
24,0,7,6
24,1,3,6
24,2,3,6
24,3,3,6
24,5,2,6
24,20,2,6
24,23,3,6
24,29,1,6
25,0,3,6
25,2,2,6
25,3,2,6
25,4,4,6
25,5,3,6
25,9,4,6
25,10,2,6
25,12,2,6
25,25,4,6
26,5,1,6
26,8,1,6
26,13,1,6
26,14,1,6
26,28,1,6
27,8,3,6
27,9,1,6
28,0,1,6
28,14,2,6
28,17,3,6
29,2,1,6
0,1,19,7
0,2,7,7
0,3,6,7
0,4,6,7
0,5,2,7
0,6,20,7
0,7,13,7
0,8,12,7
0,10,14,7
0,12,4,7
0,15,1,7
0,16,4,7
0,17,3,7
0,19,5,7
0,20,2,7
0,27,5,7
0,29,2,7
1,6,2,7
2,2,1,7
2,3,1,7
2,4,10,7
2,9,3,7
2,11,1,7
2,18,1,7
2,27,2,7
2,29,3,7
3,0,1,7
3,1,2,7
3,2,1,7
3,3,3,7
3,4,6,7
3,5,3,7
4,0,2,7
4,1,18,7
4,3,8,7
4,4,3,7
4,5,7,7
4,9,1,7
4,15,6,7
4,18,3,7
4,19,1,7
4,21,3,7
4,26,1,7
6,0,3,7
7,0,8,7
7,1,4,7
7,3,1,7
7,4,2,7
7,6,2,7
7,12,2,7
7,21,5,7
7,22,3,7
7,28,2,7
9,7,2,7
9,11,5,7
9,13,3,7
9,14,10,7
9,19,1,7
10,0,9,7
10,4,1,7
10,14,1,7
10,17,1,7
10,19,1,7
10,26,1,7
10,27,1,7
11,9,2,7
11,17,1,7
12,0,20,7
12,2,18,7
12,3,16,7
12,4,9,7
12,9,2,7
12,10,4,7
12,15,5,7
12,16,2,7
12,17,1,7
12,18,2,7
12,20,9,7
12,23,2,7
12,29,1,7
13,27,2,7
14,0,25,7
14,3,2,7
14,10,3,7
15,0,2,7
16,0,2,7
16,4,2,7
16,8,1,7
16,11,1,7
16,12,2,7
16,16,2,7
17,0,2,7
17,1,9,7
17,2,7,7
17,4,5,7
17,8,1,7
17,9,3,7
17,11,2,7
17,15,1,7
17,21,8,7
18,1,1,7
18,10,2,7
18,14,2,7
20,8,5,7
20,12,2,7
20,16,2,7
20,19,3,7
21,0,1,7
22,0,16,7
22,10,2,7
22,12,2,7
22,29,2,7
23,0,2,7
24,0,4,7
24,1,6,7
24,2,3,7
24,5,10,7
24,8,1,7
24,18,3,7
24,19,2,7
24,29,9,7
25,0,2,7
26,0,1,7
26,8,1,7
26,12,2,7
26,13,2,7
26,14,2,7
26,25,1,7
26,26,2,7
27,0,1,7
27,2,2,7
27,9,3,7
27,10,3,7
27,17,1,7
28,1,2,7
28,17,2,7
29,1,3,7
29,8,1,7
29,13,1,7
0,1,30,8
0,2,2,8
0,3,1,8
0,4,8,8
0,5,2,8
0,6,14,8
0,7,25,8
0,8,4,8
0,9,1,8
0,10,10,8
0,11,6,8
0,13,1,8
0,14,4,8
0,16,2,8
0,17,8,8
0,18,2,8
0,20,1,8
0,26,2,8
2,0,4,8
2,1,2,8
2,2,2,8
2,3,1,8
2,9,3,8
2,13,1,8
2,14,3,8
2,18,9,8
3,1,1,8
3,2,6,8
3,4,2,8
3,5,8,8
3,16,2,8
3,17,5,8
4,0,4,8
4,1,10,8
4,4,6,8
4,9,3,8
4,15,3,8
4,18,6,8
4,21,2,8
5,6,2,8
6,0,2,8
6,1,1,8
7,0,10,8
7,1,2,8
7,3,2,8
7,6,2,8
7,22,4,8
9,1,1,8
9,11,6,8
9,14,9,8
9,17,2,8
9,19,2,8
9,24,1,8
10,0,1,8
10,3,2,8
10,4,2,8
10,11,1,8
10,16,1,8
10,19,1,8
10,26,1,8
11,1,1,8
12,0,26,8
12,2,19,8
12,3,13,8
12,4,10,8
12,5,3,8
12,7,3,8
12,9,5,8
12,12,1,8
12,13,2,8
12,15,3,8
12,17,2,8
12,18,1,8
12,20,6,8
12,21,1,8
12,25,1,8
12,27,2,8
14,0,11,8
14,7,3,8
14,10,1,8
15,0,1,8
15,3,3,8
16,0,4,8
16,3,1,8
16,8,1,8
16,11,5,8
16,12,3,8
16,13,3,8
16,14,3,8
16,16,1,8
16,17,6,8
17,0,1,8
17,1,11,8
17,2,3,8
17,4,8,8
17,5,3,8
17,8,2,8
17,9,3,8
17,10,4,8
17,16,2,8
17,19,1,8
17,20,1,8
17,21,8,8
18,8,1,8
18,19,2,8
19,0,1,8
19,1,2,8
19,5,1,8
20,8,5,8
21,0,8,8
21,2,2,8
21,4,1,8
21,12,2,8
21,19,3,8
22,0,26,8
22,1,4,8
22,4,1,8
22,5,1,8
22,9,3,8
22,15,1,8
22,20,1,8
22,21,1,8
24,0,9,8
24,1,7,8
24,2,2,8
24,3,5,8
24,6,2,8
24,7,2,8
24,8,2,8
24,15,3,8
24,18,2,8
24,28,2,8
24,29,5,8
25,2,1,8
25,4,3,8
25,25,2,8
26,0,1,8
26,5,2,8
26,12,7,8
26,13,1,8
26,14,2,8
26,18,2,8
26,19,6,8
26,23,2,8
26,26,3,8
27,0,1,8
27,3,1,8
27,12,1,8
27,23,1,8
28,0,2,8
28,4,1,8
28,11,2,8
29,0,1,8
29,8,1,8
29,11,2,8
0,1,16,9
0,2,7,9
0,3,13,9
0,4,6,9
0,5,5,9
0,6,27,9
0,7,31,9
0,8,5,9
0,9,7,9
0,11,1,9
0,13,1,9
0,17,10,9
0,18,1,9
0,19,8,9
0,20,5,9
0,22,2,9
0,24,1,9
0,25,1,9
0,26,1,9
0,27,4,9
1,10,1,9
2,0,2,9
2,1,7,9
2,2,4,9
2,3,5,9
2,4,2,9
2,12,2,9
2,18,1,9
3,1,2,9
3,2,12,9
3,5,1,9
3,14,1,9
3,15,1,9
3,23,1,9
3,25,1,9
4,0,5,9
4,1,6,9
4,3,3,9
4,4,1,9
4,5,3,9
4,10,1,9
4,15,1,9
4,18,14,9
4,19,2,9
4,20,2,9
4,24,1,9
5,3,3,9
5,6,2,9
5,10,4,9
6,0,4,9
7,0,5,9
7,1,2,9
7,2,1,9
7,3,2,9
7,5,2,9
7,6,2,9
7,22,4,9
8,18,1,9
9,0,2,9
9,1,1,9
9,8,2,9
9,11,2,9
9,13,1,9
9,14,6,9
9,23,1,9
10,0,7,9
10,7,2,9
10,11,1,9
10,14,1,9
10,17,1,9
10,19,1,9
10,28,1,9
12,0,19,9
12,2,12,9
12,3,8,9
12,4,6,9
12,5,2,9
12,9,7,9
12,10,1,9
12,11,5,9
12,12,3,9
12,14,3,9
12,16,6,9
12,17,2,9
12,18,2,9
12,20,13,9
12,21,6,9
12,22,1,9
12,25,1,9
13,0,6,9
13,9,2,9
14,0,28,9
14,3,1,9
14,10,6,9
14,27,1,9
15,0,3,9
15,3,4,9
16,0,3,9
16,2,2,9
16,8,1,9
16,14,1,9
16,17,2,9
16,27,1,9
16,28,2,9
17,0,10,9
17,1,12,9
17,2,8,9
17,4,10,9
17,5,4,9
17,16,1,9
17,21,4,9
17,22,4,9
17,24,4,9
17,29,6,9
18,8,2,9
18,14,1,9
18,17,2,9
18,26,1,9
19,2,1,9
19,3,1,9
19,5,2,9
19,7,2,9
20,0,2,9
20,8,1,9
20,12,1,9
21,0,7,9
21,1,5,9
21,7,1,9
21,8,1,9
21,11,1,9
21,12,2,9
21,19,2,9
21,28,2,9
22,0,32,9
22,6,1,9
22,8,2,9
22,12,2,9
22,14,2,9
22,17,2,9
22,20,3,9
22,21,1,9
23,3,1,9
24,0,5,9
24,1,6,9
24,3,8,9
24,5,3,9
24,29,1,9
25,0,1,9
25,1,2,9
25,2,1,9
25,4,2,9
25,5,3,9
25,9,2,9
25,12,1,9
25,16,2,9
25,18,1,9
25,25,2,9
26,1,2,9
26,8,2,9
26,12,2,9
26,13,8,9
26,17,1,9
26,19,1,9
26,26,1,9
26,28,1,9
27,0,1,9
27,2,2,9
27,4,4,9
28,0,2,9
28,17,5,9
29,2,1,9
29,27,1,9
0,1,30,10
0,2,12,10
0,3,3,10
0,4,9,10
0,5,2,10
0,6,21,10
0,7,15,10
0,8,10,10
0,9,1,10
0,10,6,10
0,11,3,10
0,12,2,10
0,14,2,10
0,17,7,10
0,18,1,10
0,19,3,10
0,20,3,10
0,21,1,10
0,27,1,10
0,28,2,10
1,0,2,10
1,6,1,10
2,0,2,10
2,1,4,10
2,2,1,10
2,3,2,10
2,4,5,10
2,9,1,10
2,11,2,10
2,29,3,10
3,0,1,10
3,3,3,10
3,5,2,10
4,0,10,10
4,1,13,10
4,3,9,10
4,5,1,10
4,9,5,10
4,15,1,10
4,18,1,10
4,19,2,10
4,20,2,10
4,24,2,10
7,0,8,10
7,2,2,10
7,5,4,10
7,6,2,10
7,20,4,10
7,22,3,10
9,0,5,10
9,11,3,10
9,14,3,10
9,23,1,10
9,26,4,10
10,0,4,10
10,11,3,10
10,19,1,10
11,0,6,10
11,2,2,10
11,3,1,10
12,0,36,10
12,2,8,10
12,3,12,10
12,4,9,10
12,5,3,10
12,9,4,10
12,11,3,10
12,14,3,10
12,16,3,10
12,17,1,10
12,18,2,10
12,19,2,10
12,20,5,10
12,21,1,10
12,24,1,10
12,29,1,10
14,0,18,10
14,1,1,10
14,22,5,10
14,27,1,10
16,0,4,10
16,8,3,10
16,11,2,10
16,14,4,10
16,16,2,10
17,0,2,10
17,1,8,10
17,2,7,10
17,4,1,10
17,5,2,10
17,15,1,10
17,21,3,10
17,22,1,10
17,26,1,10
18,0,1,10
18,11,4,10
18,14,1,10
19,4,2,10
19,19,2,10
20,8,1,10
20,13,1,10
20,28,2,10
21,0,7,10
21,1,1,10
21,7,4,10
21,11,2,10
22,0,22,10
22,5,3,10
22,6,1,10
22,8,2,10
22,10,1,10
22,17,4,10
22,20,1,10
22,27,2,10
23,1,1,10
24,0,13,10
24,1,3,10
24,2,1,10
24,3,3,10
24,5,6,10
24,7,2,10
24,10,2,10
24,11,1,10
24,18,2,10
24,21,12,10
24,24,2,10
25,0,4,10
25,1,1,10
25,5,1,10
25,14,2,10
26,0,4,10
26,1,1,10
26,4,1,10
26,8,3,10
26,9,1,10
26,12,2,10
26,13,2,10
26,19,2,10
26,28,8,10
27,0,4,10
27,4,2,10
27,11,1,10
28,0,1,10
28,11,1,10
28,17,4,10
29,12,4,10
29,13,1,10
29,28,1,10
0,1,9,11
0,2,13,11
0,3,6,11
0,4,9,11
0,5,1,11
0,6,27,11
0,7,18,11
0,8,5,11
0,9,4,11
0,10,2,11
0,11,6,11
0,12,1,11
0,13,3,11
0,14,3,11
0,16,2,11
0,17,3,11
0,18,1,11
0,19,9,11
0,20,4,11
0,21,1,11
0,24,2,11
0,26,7,11
0,27,2,11
2,0,2,11
2,1,5,11
2,2,5,11
2,3,3,11
2,4,3,11
2,6,1,11
2,9,5,11
2,11,1,11
2,15,1,11
2,18,5,11
2,20,2,11
2,29,2,11
3,0,1,11
3,1,1,11
3,4,2,11
3,5,7,11
4,0,14,11
4,1,12,11
4,3,5,11
4,4,1,11
4,5,5,11
4,9,2,11
4,10,2,11
4,15,5,11
4,18,3,11
4,22,1,11
4,23,1,11
4,26,2,11
4,29,1,11
5,0,2,11
5,6,2,11
6,0,4,11
7,0,1,11
7,1,3,11
7,2,2,11
7,15,3,11
8,1,1,11
9,0,4,11
9,8,2,11
9,11,1,11
9,13,2,11
9,14,2,11
9,16,2,11
9,23,2,11
9,28,4,11
10,0,5,11
10,3,2,11
10,4,2,11
10,5,1,11
10,7,2,11
10,11,8,11
10,12,1,11
10,21,2,11
10,25,1,11
10,27,1,11
10,28,2,11
11,0,1,11
12,0,15,11
12,2,9,11
12,3,11,11
12,4,8,11
12,5,5,11
12,11,3,11
12,13,3,11
12,15,1,11
12,16,9,11
12,17,2,11
12,19,1,11
12,20,10,11
12,24,7,11
12,26,3,11
12,28,3,11
12,29,1,11
14,0,18,11
14,3,1,11
14,5,1,11
14,7,3,11
16,0,10,11
16,1,1,11
16,7,2,11
16,8,1,11
16,11,2,11
16,13,2,11
16,17,1,11
16,26,3,11
16,28,5,11
17,0,5,11
17,1,11,11
17,2,5,11
17,4,5,11
17,5,9,11
17,6,5,11
17,15,8,11
17,16,4,11
17,18,1,11
17,23,1,11
17,25,1,11
17,26,2,11
18,0,1,11
18,4,2,11
18,13,1,11
18,17,5,11
18,19,1,11
18,26,6,11
20,0,2,11
21,0,4,11
21,1,2,11
21,7,2,11
21,8,1,11
21,19,2,11
21,28,2,11
22,0,18,11
22,1,1,11
22,2,4,11
22,4,2,11
22,6,1,11
22,8,4,11
22,16,1,11
22,17,2,11
22,20,1,11
22,21,3,11
23,1,1,11
23,12,11,11
23,23,1,11
24,0,4,11
24,1,7,11
24,2,1,11
24,3,2,11
24,8,5,11
24,18,2,11
24,22,1,11
24,29,1,11
25,3,2,11
25,4,1,11
25,9,2,11
25,12,2,11
25,25,1,11
26,0,3,11
26,1,8,11
26,3,1,11
26,5,2,11
26,8,3,11
26,13,2,11
26,14,3,11
26,17,1,11
26,26,4,11
26,27,4,11
26,28,2,11
27,0,2,11
27,1,6,11
27,3,2,11
27,5,1,11
27,7,4,11
27,16,2,11
28,0,1,11
28,3,3,11
28,17,2,11
29,0,7,11
29,7,2,11
29,11,7,11
29,19,1,11
29,24,1,11
29,28,6,11
0,1,32,12
0,2,2,12
0,3,10,12
0,4,9,12
0,5,2,12
0,6,30,12
0,7,17,12
0,8,10,12
0,9,1,12
0,10,6,12
0,11,4,12
0,12,4,12
0,15,2,12
0,16,2,12
0,17,4,12
0,18,2,12
0,19,3,12
0,20,1,12
0,25,3,12
0,27,2,12
0,28,1,12
1,0,1,12
2,0,2,12
2,1,8,12
2,2,2,12
2,3,6,12
2,4,4,12
2,8,2,12
2,9,3,12
2,10,2,12
2,14,1,12
2,15,1,12
2,18,5,12
2,21,4,12
2,23,2,12
2,28,2,12
3,1,2,12
3,2,11,12
3,3,1,12
3,4,1,12
3,5,8,12
3,21,2,12
4,0,2,12
4,1,3,12
4,3,2,12
4,4,1,12
4,5,2,12
4,6,3,12
4,9,2,12
4,15,4,12
4,16,2,12
4,18,7,12
4,19,1,12
4,20,1,12
4,21,1,12
4,29,3,12
6,6,2,12
6,8,4,12
6,10,1,12
7,0,4,12
7,5,2,12
7,9,2,12
7,12,2,12
7,22,1,12
9,0,4,12
9,1,1,12
9,10,2,12
9,17,2,12
10,0,11,12
10,11,7,12
10,12,1,12
10,18,2,12
10,28,1,12
11,1,2,12
11,7,2,12
12,0,15,12
12,2,5,12
12,3,17,12
12,4,11,12
12,5,10,12
12,9,2,12
12,11,4,12
12,13,1,12
12,15,3,12
12,16,2,12
12,18,3,12
12,19,1,12
12,20,13,12
12,24,1,12
12,25,8,12
12,29,3,12
13,0,4,12
14,0,23,12
14,1,1,12
14,2,1,12
14,22,3,12
15,0,7,12
15,3,3,12
16,0,4,12
16,17,2,12
16,28,4,12
17,0,7,12
17,1,3,12
17,2,3,12
17,5,3,12
17,9,1,12
17,15,1,12
17,21,4,12
17,22,3,12
17,29,5,12
18,5,2,12
18,8,2,12
18,19,4,12
18,26,1,12
19,0,2,12
20,7,3,12
20,8,3,12
20,19,1,12
20,26,1,12
21,0,5,12
21,1,2,12
21,12,2,12
21,14,4,12
21,26,1,12
21,27,1,12
22,0,22,12
22,1,1,12
22,2,2,12
22,3,4,12
22,6,1,12
22,8,3,12
22,17,2,12
22,26,1,12
23,0,4,12
23,1,2,12
23,2,1,12
23,15,2,12
24,0,9,12
24,1,12,12
24,2,1,12
24,5,3,12
24,9,2,12
24,16,1,12
24,18,3,12
24,23,1,12
25,5,4,12
25,12,1,12
25,16,2,12
26,0,5,12
26,8,4,12
26,12,2,12
26,13,2,12
26,17,1,12
26,28,4,12
26,29,2,12
27,0,2,12
27,1,1,12
27,5,2,12
27,16,1,12
28,0,5,12
28,1,2,12
28,5,2,12
28,10,2,12
28,13,1,12
28,17,2,12
28,28,2,12
29,0,1,12
29,1,3,12
29,8,1,12
29,13,4,12
0,1,20,13
0,2,6,13
0,3,4,13
0,4,11,13
0,5,5,13
0,6,20,13
0,7,8,13
0,8,4,13
0,10,2,13
0,11,5,13
0,12,6,13
0,13,4,13
0,14,5,13
0,15,1,13
0,17,1,13
0,18,3,13
0,19,1,13
0,20,3,13
0,21,1,13
0,26,1,13
0,27,1,13
2,0,7,13
2,1,4,13
2,2,1,13
2,3,2,13
2,9,3,13
2,11,2,13
2,16,1,13
3,1,2,13
3,2,2,13
3,4,2,13
3,5,1,13
3,11,1,13
4,0,7,13
4,1,15,13
4,4,4,13
4,5,1,13
4,15,1,13
4,18,1,13
4,22,1,13
5,0,2,13
6,0,2,13
7,0,6,13
7,1,1,13
7,3,1,13
7,4,2,13
7,6,1,13
7,22,3,13
8,1,1,13
9,0,6,13
9,11,2,13
9,13,12,13
9,14,5,13
10,0,2,13
10,1,1,13
10,11,2,13
10,13,2,13
10,14,2,13
10,17,2,13
10,19,3,13
11,0,1,13
11,1,1,13
12,0,21,13
12,2,18,13
12,3,11,13
12,4,9,13
12,5,10,13
12,6,1,13
12,9,11,13
12,12,1,13
12,14,5,13
12,15,5,13
12,16,2,13
12,18,2,13
12,20,6,13
12,29,2,13
14,0,27,13
14,17,1,13
14,22,1,13
14,27,1,13
15,0,1,13
15,7,2,13
15,22,3,13
16,0,1,13
16,2,1,13
16,8,3,13
16,13,2,13
16,16,2,13
16,17,1,13
16,28,1,13
17,0,4,13
17,1,8,13
17,2,1,13
17,4,7,13
17,5,5,13
17,7,5,13
17,9,1,13
17,10,1,13
17,21,1,13
17,22,2,13
17,29,2,13
18,7,2,13
18,11,3,13
18,19,1,13
19,0,2,13
19,2,1,13
20,0,1,13
20,6,1,13
20,8,6,13
20,13,4,13
21,0,2,13
21,7,2,13
21,8,2,13
21,13,3,13
21,19,3,13
22,0,13,13
22,3,2,13
22,4,2,13
22,8,2,13
22,12,1,13
22,17,1,13
22,24,4,13
22,28,1,13
23,0,1,13
23,2,5,13
23,12,1,13
24,0,4,13
24,1,5,13
24,2,7,13
24,3,6,13
24,5,2,13
24,7,1,13
24,8,2,13
24,10,2,13
24,11,2,13
24,15,2,13
24,18,2,13
24,25,1,13
25,0,1,13
26,0,4,13
26,4,4,13
26,7,1,13
26,8,3,13
26,13,4,13
26,14,1,13
26,16,2,13
26,24,1,13
26,28,2,13
27,1,1,13
27,2,1,13
27,5,1,13
27,11,1,13
28,26,1,13
29,0,2,13
29,8,2,13
0,1,33,14
0,2,8,14
0,4,12,14
0,5,6,14
0,6,28,14
0,7,18,14
0,8,10,14
0,10,2,14
0,11,2,14
0,12,5,14
0,13,2,14
0,14,3,14
0,15,3,14
0,17,7,14
0,22,2,14
0,24,1,14
1,0,6,14
1,22,1,14
2,0,8,14
2,1,6,14
2,2,4,14
2,3,1,14
2,4,2,14
2,9,1,14
2,10,3,14
2,12,1,14
2,15,1,14
2,18,2,14
2,25,1,14
2,29,5,14
3,0,1,14
3,1,2,14
3,2,6,14
3,5,4,14
3,9,1,14
3,17,1,14
4,0,7,14
4,1,7,14
4,3,1,14
4,4,2,14
4,5,4,14
4,9,6,14
4,15,1,14
4,16,2,14
4,18,4,14
5,0,1,14
5,22,1,14
6,0,2,14
7,0,1,14
7,5,3,14
7,6,8,14
7,8,1,14
7,22,1,14
9,0,4,14
9,1,4,14
9,5,1,14
9,8,1,14
9,13,6,14
9,14,1,14
9,16,5,14
10,0,8,14
10,1,1,14
10,2,3,14
10,4,1,14
10,10,1,14
10,11,4,14
10,12,1,14
10,13,2,14
10,14,3,14
10,26,2,14
10,28,2,14
11,0,6,14
12,0,36,14
12,2,10,14
12,3,17,14
12,4,5,14
12,5,3,14
12,6,3,14
12,8,1,14
12,9,1,14
12,11,2,14
12,12,2,14
12,15,2,14
12,16,2,14
12,17,3,14
12,18,6,14
12,20,6,14
12,21,2,14
12,23,2,14
12,25,2,14
12,29,2,14
13,0,4,14
13,7,2,14
14,0,19,14
14,1,4,14
14,7,1,14
14,10,8,14
14,22,2,14
16,0,1,14
16,11,7,14
16,14,2,14
16,28,2,14
17,1,16,14
17,2,2,14
17,5,2,14
17,6,3,14
17,16,1,14
17,18,6,14
17,22,2,14
17,26,1,14
17,27,3,14
18,0,2,14
18,8,3,14
18,19,2,14
19,0,1,14
19,2,1,14
19,3,2,14
20,0,5,14
20,13,1,14
20,27,1,14
21,0,5,14
21,11,2,14
21,16,1,14
21,18,1,14
21,19,1,14
21,27,2,14
22,0,23,14
22,2,3,14
22,6,1,14
22,8,1,14
23,0,2,14
24,0,10,14
24,1,4,14
24,2,5,14
24,3,8,14
24,5,1,14
24,8,1,14
24,9,2,14
24,15,1,14
24,22,1,14
24,23,1,14
24,29,1,14
25,1,1,14
25,4,1,14
25,15,1,14
26,1,3,14
26,7,1,14
26,8,6,14
26,13,1,14
26,16,4,14
26,17,2,14
26,19,4,14
26,24,1,14
26,26,1,14
26,28,2,14
26,29,1,14
27,0,2,14
28,0,1,14
28,2,6,14
28,9,2,14
29,8,2,14
29,11,2,14
29,14,4,14
29,28,1,14
0,1,34,15
0,2,10,15
0,3,6,15
0,4,9,15
0,5,6,15
0,6,35,15
0,7,32,15
0,8,16,15
0,10,7,15
0,11,3,15
0,12,4,15
0,13,3,15
0,15,2,15
0,16,1,15
0,17,4,15
0,19,4,15
0,20,4,15
0,21,1,15
0,23,2,15
0,26,2,15
0,27,1,15
0,28,5,15
1,0,1,15
1,7,2,15
2,0,5,15
2,1,1,15
2,2,2,15
2,4,3,15
2,9,1,15
2,15,6,15
2,18,2,15
2,29,2,15
3,2,5,15
3,3,14,15
3,4,2,15
3,5,2,15
3,23,1,15
4,0,9,15
4,1,10,15
4,3,2,15
4,4,6,15
4,5,3,15
4,8,5,15
4,9,1,15
4,12,1,15
4,15,1,15
4,18,3,15
4,20,1,15
4,28,1,15
6,0,4,15
6,1,1,15
6,6,4,15
6,10,1,15
6,18,1,15
7,0,10,15
7,3,1,15
7,5,1,15
7,6,3,15
7,22,2,15
9,0,5,15
9,1,1,15
9,2,3,15
9,3,1,15
9,8,4,15
9,11,1,15
9,13,5,15
9,14,2,15
9,15,2,15
9,19,1,15
9,27,1,15
10,0,8,15
10,1,2,15
10,2,2,15
10,4,1,15
10,5,2,15
10,11,4,15
10,12,4,15
10,13,4,15
10,17,1,15
10,19,2,15
10,26,2,15
10,28,2,15
11,0,3,15
11,1,1,15
11,8,1,15
11,17,5,15
12,0,36,15
12,2,16,15
12,3,11,15
12,4,25,15
12,5,9,15
12,6,3,15
12,7,1,15
12,9,1,15
12,12,1,15
12,14,1,15
12,15,4,15
12,16,5,15
12,18,1,15
12,20,3,15
12,23,1,15
12,24,1,15
12,25,4,15
13,8,1,15
14,0,24,15
14,1,3,15
14,2,5,15
14,10,1,15
14,21,1,15
14,22,1,15
16,5,1,15
16,8,2,15
16,12,2,15
16,14,3,15
17,0,2,15
17,1,5,15
17,2,3,15
17,4,2,15
17,5,1,15
17,9,1,15
17,11,1,15
17,15,2,15
17,18,13,15
17,20,2,15
17,21,4,15
18,0,3,15
18,8,2,15
18,11,3,15
18,12,1,15
20,0,3,15
20,8,2,15
20,9,2,15
20,14,4,15
21,0,2,15
21,8,2,15
21,11,1,15
21,14,1,15
22,0,41,15
22,1,1,15
22,2,1,15
22,4,1,15
22,6,1,15
22,8,1,15
22,20,1,15
23,0,1,15
23,4,2,15
24,0,6,15
24,1,10,15
24,2,3,15
24,3,2,15
24,5,2,15
24,7,2,15
24,8,1,15
24,9,2,15
24,15,1,15
24,21,2,15
25,0,6,15
25,2,1,15
25,11,1,15
25,24,2,15
26,8,9,15
26,14,1,15
26,26,1,15
26,27,1,15
26,28,2,15
26,29,2,15
27,1,1,15
27,2,2,15
27,5,3,15
27,11,1,15
27,23,4,15
28,0,1,15
28,12,1,15
28,14,1,15
29,0,1,15
29,8,2,15
29,11,2,15
29,14,2,15
0,1,42,16
0,2,6,16
0,3,4,16
0,4,9,16
0,5,3,16
0,6,34,16
0,7,26,16
0,8,6,16
0,9,9,16
0,10,7,16
0,11,1,16
0,12,2,16
0,13,2,16
0,14,2,16
0,16,2,16
0,17,2,16
0,19,3,16
0,22,4,16
0,23,4,16
0,26,1,16
0,27,1,16
1,8,4,16
2,0,4,16
2,1,6,16
2,2,1,16
2,3,1,16
2,4,3,16
2,9,11,16
2,15,1,16
2,18,5,16
2,21,1,16
2,24,2,16
3,2,3,16
3,3,3,16
3,4,10,16
3,5,5,16
3,23,1,16
4,0,2,16
4,1,9,16
4,3,13,16
4,4,8,16
4,5,1,16
4,6,3,16
4,7,1,16
4,9,5,16
4,10,2,16
4,16,3,16
4,18,4,16
4,24,4,16
5,0,1,16
5,21,2,16
6,0,2,16
7,0,9,16
7,3,1,16
7,4,2,16
7,5,1,16
7,21,3,16
7,22,5,16
7,24,1,16
8,1,2,16
8,2,2,16
9,0,2,16
9,1,1,16
9,11,1,16
9,13,3,16
9,14,4,16
9,17,2,16
10,0,7,16
10,3,2,16
10,6,3,16
10,7,1,16
10,11,1,16
10,13,2,16
10,19,5,16
10,26,4,16
10,27,2,16
11,16,2,16
11,18,1,16
11,23,2,16
12,0,45,16
12,2,7,16
12,3,22,16
12,4,11,16
12,5,6,16
12,6,3,16
12,7,2,16
12,9,8,16
12,11,3,16
12,12,3,16
12,13,2,16
12,14,2,16
12,16,1,16
12,17,3,16
12,20,15,16
12,21,5,16
12,23,2,16
12,25,5,16
14,0,34,16
14,1,3,16
14,3,1,16
14,7,15,16
14,8,4,16
14,22,2,16
16,0,3,16
16,8,6,16
16,11,1,16
16,14,1,16
17,0,6,16
17,1,17,16
17,2,4,16
17,4,7,16
17,5,1,16
17,6,2,16
17,8,2,16
17,10,1,16
17,14,1,16
17,18,2,16
17,21,4,16
17,22,2,16
17,23,3,16
17,25,1,16
18,11,2,16
18,13,1,16
18,26,1,16
19,0,2,16
19,1,1,16
19,4,3,16
20,1,2,16
20,8,1,16
20,11,2,16
20,12,2,16
20,14,2,16
20,19,2,16
21,0,2,16
21,1,3,16
21,7,2,16
21,8,2,16
21,12,3,16
21,14,3,16
21,16,1,16
22,0,25,16
22,1,3,16
22,2,1,16
22,5,3,16
22,6,16,16
22,17,4,16
23,2,3,16
24,0,7,16
24,1,7,16
24,2,15,16
24,3,9,16
24,5,3,16
24,9,1,16
24,10,2,16
24,18,3,16
24,20,2,16
24,23,2,16
24,29,2,16
25,0,5,16
25,1,2,16
25,3,4,16
25,4,4,16
25,25,2,16
26,1,5,16
26,8,1,16
26,12,1,16
26,13,2,16
26,14,3,16
26,16,1,16
26,19,2,16
26,20,1,16
26,25,2,16
26,26,2,16
26,27,1,16
27,2,2,16
27,13,1,16
29,0,2,16
29,8,6,16
29,28,1,16
0,1,32,17
0,2,14,17
0,3,12,17
0,4,9,17
0,5,7,17
0,6,56,17
0,7,30,17
0,8,1,17
0,9,1,17
0,10,8,17
0,12,3,17
0,13,1,17
0,14,1,17
0,16,3,17
0,17,7,17
0,18,2,17
0,19,7,17
0,20,6,17
0,21,5,17
0,23,1,17
0,25,3,17
0,26,1,17
0,27,1,17
0,29,2,17
1,10,2,17
2,0,4,17
2,1,3,17
2,3,4,17
2,4,2,17
2,8,2,17
2,15,2,17
2,18,4,17
2,20,1,17
2,24,6,17
2,26,2,17
2,27,1,17
2,29,7,17
3,4,3,17
3,5,2,17
3,28,2,17
3,29,1,17
4,0,15,17
4,1,8,17
4,3,9,17
4,4,4,17
4,6,2,17
4,7,4,17
4,9,4,17
4,10,3,17
4,11,1,17
4,15,3,17
4,18,2,17
4,20,1,17
4,21,2,17
4,29,2,17
6,0,3,17
6,3,2,17
6,6,1,17
7,0,9,17
7,2,1,17
7,3,3,17
7,6,3,17
7,8,2,17
7,20,2,17
7,21,4,17
7,22,1,17
8,4,1,17
8,19,1,17
9,0,4,17
9,1,2,17
9,3,4,17
9,4,2,17
9,11,3,17
9,13,3,17
9,14,8,17
9,16,2,17
9,19,3,17
9,24,1,17
9,27,2,17
10,0,4,17
10,5,2,17
10,6,1,17
10,9,1,17
10,11,6,17
10,14,2,17
10,15,4,17
10,26,8,17
10,28,1,17
11,18,3,17
12,0,30,17
12,2,4,17
12,3,22,17
12,4,18,17
12,5,8,17
12,6,2,17
12,7,1,17
12,9,6,17
12,12,2,17
12,13,2,17
12,14,1,17
12,15,8,17
12,16,1,17
12,17,2,17
12,18,1,17
12,20,16,17
12,21,4,17
12,23,1,17
14,0,47,17
14,1,2,17
14,2,5,17
14,7,23,17
14,8,1,17
14,10,3,17
14,22,1,17
15,0,2,17
16,0,6,17
16,3,1,17
16,7,1,17
16,8,1,17
16,11,2,17
16,12,1,17
16,17,1,17
17,0,10,17
17,1,14,17
17,2,4,17
17,4,8,17
17,5,4,17
17,8,1,17
17,9,3,17
17,10,2,17
17,12,2,17
17,17,2,17
17,21,5,17
17,22,2,17
17,23,2,17
17,29,2,17
18,13,1,17
18,18,2,17
18,19,2,17
18,26,1,17
19,4,1,17
20,0,3,17
20,1,2,17
20,8,7,17
20,9,2,17
20,11,1,17
20,14,1,17
20,16,2,17
20,17,1,17
20,27,1,17
21,0,2,17
21,3,2,17
21,7,1,17
21,12,1,17
21,15,1,17
21,19,1,17
21,25,1,17
21,26,1,17
22,0,26,17
22,1,1,17
22,2,3,17
22,6,19,17
22,9,1,17
22,11,2,17
22,13,1,17
22,15,1,17
22,19,1,17
23,3,2,17
24,0,4,17
24,1,9,17
24,2,4,17
24,3,5,17
24,5,1,17
24,7,2,17
24,9,6,17
24,12,2,17
24,13,1,17
24,18,1,17
25,1,1,17
25,3,2,17
25,9,2,17
25,18,1,17
25,27,2,17
25,29,2,17
26,1,2,17
26,3,1,17
26,8,5,17
26,12,2,17
26,13,1,17
26,25,1,17
26,26,2,17
27,4,2,17
27,5,8,17
27,12,1,17
27,16,1,17
28,0,1,17
28,17,2,17
29,5,2,17
29,8,6,17
29,15,2,17
29,16,1,17
29,17,1,17
0,1,41,18
0,2,16,18
0,3,7,18
0,4,10,18
0,5,7,18
0,6,38,18
0,7,48,18
0,8,3,18
0,9,4,18
0,10,4,18
0,11,3,18
0,12,4,18
0,13,1,18
0,14,1,18
0,16,1,18
0,17,2,18
0,20,9,18
0,21,7,18
0,22,3,18
0,23,4,18
0,25,1,18
0,26,1,18
0,27,2,18
0,28,3,18
2,0,7,18
2,1,7,18
2,2,2,18
2,3,4,18
2,4,3,18
2,9,8,18
2,18,5,18
2,23,2,18
2,29,1,18
3,0,2,18
3,2,1,18
3,3,2,18
3,4,1,18
3,5,2,18
4,0,12,18
4,1,40,18
4,3,12,18
4,4,8,18
4,5,1,18
4,6,1,18
4,9,7,18
4,10,1,18
4,15,4,18
4,18,2,18
4,20,3,18
5,6,4,18
5,15,1,18
6,0,3,18
6,8,2,18
6,13,4,18
7,0,6,18
7,2,3,18
7,3,2,18
7,4,1,18
7,22,3,18
8,3,1,18
9,0,3,18
9,1,2,18
9,6,3,18
9,8,2,18
9,11,4,18
9,13,3,18
9,14,2,18
9,15,2,18
9,28,1,18
10,0,5,18
10,3,1,18
10,7,2,18
10,11,4,18
10,15,2,18
10,26,5,18
10,28,2,18
11,0,4,18
11,1,3,18
11,7,1,18
12,0,33,18
12,2,42,18
12,3,28,18
12,4,10,18
12,5,12,18
12,7,6,18
12,9,21,18
12,11,5,18
12,13,1,18
12,15,4,18
12,16,1,18
12,17,1,18
12,20,7,18
12,21,2,18
12,23,1,18
12,24,1,18
12,25,2,18
12,26,2,18
12,29,2,18
14,0,31,18
14,2,1,18
14,7,8,18
16,0,2,18
16,4,1,18
16,11,6,18
16,16,2,18
16,17,6,18
16,28,1,18
17,0,3,18
17,1,14,18
17,2,16,18
17,4,4,18
17,5,9,18
17,8,2,18
17,9,4,18
17,10,2,18
17,11,6,18
17,16,1,18
17,18,2,18
17,20,2,18
17,21,4,18
17,25,1,18
17,26,1,18
17,29,1,18
18,1,1,18
18,8,2,18
18,11,1,18
18,17,2,18
18,19,2,18
18,26,2,18
19,0,1,18
19,12,2,18
20,8,6,18
20,11,1,18
21,0,4,18
21,4,1,18
21,7,6,18
21,12,2,18
21,13,1,18
21,16,3,18
21,19,6,18
21,28,2,18
22,0,35,18
22,1,3,18
22,2,4,18
22,3,1,18
22,6,8,18
22,8,3,18
22,9,1,18
22,15,2,18
22,23,5,18
24,0,11,18
24,1,15,18
24,2,7,18
24,3,5,18
24,5,3,18
24,10,2,18
24,15,1,18
24,18,2,18
24,19,1,18
25,0,4,18
25,2,1,18
25,4,1,18
25,5,2,18
25,7,2,18
25,9,1,18
25,11,1,18
25,24,1,18
26,1,4,18
26,3,7,18
26,8,2,18
26,14,2,18
26,16,1,18
26,19,4,18
26,28,1,18
27,3,3,18
27,8,2,18
27,9,4,18
27,23,1,18
27,26,2,18
28,12,1,18
28,28,2,18
29,0,2,18
29,3,1,18
29,8,1,18
0,1,38,19
0,2,13,19
0,3,6,19
0,4,11,19
0,5,6,19
0,6,41,19
0,7,57,19
0,8,8,19
0,9,2,19
0,10,3,19
0,11,3,19
0,12,5,19
0,13,1,19
0,14,3,19
0,15,2,19
0,17,7,19
0,18,1,19
0,19,4,19
0,20,5,19
0,21,3,19
0,22,1,19
0,23,4,19
0,25,2,19
0,26,1,19
0,27,2,19
0,29,1,19
1,0,1,19
2,0,3,19
2,1,9,19
2,2,9,19
2,3,1,19
2,4,2,19
2,9,5,19
2,15,2,19
2,18,3,19
2,29,6,19
3,1,4,19
3,2,8,19
3,3,1,19
3,4,4,19
3,5,3,19
3,14,1,19
4,0,10,19
4,1,15,19
4,3,7,19
4,4,6,19
4,5,10,19
4,9,2,19
4,10,8,19
4,15,5,19
4,18,4,19
4,21,1,19
4,23,2,19
4,25,1,19
4,28,1,19
6,12,1,19
6,13,5,19
6,22,2,19
7,0,9,19
7,1,4,19
7,2,9,19
7,4,1,19
7,5,3,19
7,9,1,19
7,17,2,19
7,20,2,19
7,22,5,19
9,0,4,19
9,6,1,19
9,10,1,19
9,11,6,19
9,13,1,19
9,14,5,19
9,17,2,19
9,19,1,19
9,22,2,19
9,24,2,19
10,0,8,19
10,2,2,19
10,4,1,19
10,5,1,19
10,11,1,19
10,28,4,19
11,0,2,19
11,1,4,19
12,0,31,19
12,2,14,19
12,3,36,19
12,4,11,19
12,5,8,19
12,6,8,19
12,7,5,19
12,9,12,19
12,10,4,19
12,12,1,19
12,13,1,19
12,15,4,19
12,17,2,19
12,18,10,19
12,20,10,19
12,21,10,19
12,23,4,19
12,25,2,19
12,28,2,19
12,29,6,19
13,0,1,19
14,0,55,19
14,1,6,19
14,3,2,19
14,4,1,19
14,26,3,19
16,0,4,19
16,4,2,19
16,11,3,19
16,12,2,19
16,14,1,19
16,17,1,19
16,28,3,19
17,0,4,19
17,1,23,19
17,4,6,19
17,5,3,19
17,6,1,19
17,7,1,19
17,9,5,19
17,11,2,19
17,16,2,19
17,18,4,19
17,21,8,19
17,22,3,19
17,27,1,19
18,1,2,19
18,4,1,19
18,8,3,19
18,9,2,19
18,11,3,19
18,13,1,19
18,14,1,19
18,16,1,19
19,0,8,19
19,26,1,19
20,0,7,19
20,1,2,19
20,8,2,19
20,12,2,19
20,14,2,19
21,0,9,19
21,1,2,19
21,2,2,19
21,13,2,19
21,16,1,19
21,19,2,19
21,26,1,19
21,28,1,19
22,0,43,19
22,1,6,19
22,2,2,19
22,3,2,19
22,4,1,19
22,6,5,19
22,17,4,19
22,18,2,19
22,23,1,19
22,28,2,19
24,0,10,19
24,1,8,19
24,2,9,19
24,3,4,19
24,10,1,19
24,14,4,19
24,17,1,19
24,18,3,19
24,19,1,19
24,20,2,19
24,29,3,19
25,0,1,19
25,1,2,19
25,5,1,19
25,7,3,19
25,13,2,19
25,16,2,19
25,25,2,19
26,0,7,19
26,8,1,19
26,12,4,19
26,14,6,19
26,19,6,19
26,28,4,19
27,4,1,19
27,5,1,19
27,12,2,19
27,26,1,19
28,17,5,19
29,0,2,19
29,6,3,19
29,14,3,19
29,17,1,19
29,27,1,19
0,1,27,20
0,2,18,20
0,3,9,20
0,4,12,20
0,5,7,20
0,6,42,20
0,7,47,20
0,8,12,20
0,9,5,20
0,10,8,20
0,11,3,20
0,13,3,20
0,15,1,20
0,16,1,20
0,17,6,20
0,20,6,20
0,22,4,20
0,23,3,20
0,25,4,20
0,26,7,20
0,27,1,20
0,28,2,20
2,0,12,20
2,1,1,20
2,2,6,20
2,3,1,20
2,4,4,20
2,7,2,20
2,8,5,20
2,9,11,20
2,10,1,20
2,14,2,20
2,15,3,20
2,16,2,20
2,18,1,20
2,20,1,20
2,29,3,20
3,0,1,20
3,2,13,20
3,3,2,20
3,7,4,20
3,9,1,20
3,26,3,20
4,0,15,20
4,1,6,20
4,3,10,20
4,4,5,20
4,5,6,20
4,7,3,20
4,9,4,20
4,10,4,20
4,12,3,20
4,15,3,20
4,16,1,20
4,18,12,20
4,26,4,20
5,0,2,20
6,0,2,20
6,3,4,20
6,5,1,20
6,6,2,20
6,10,1,20
6,18,2,20
7,0,20,20
7,1,1,20
7,2,4,20
7,4,1,20
7,7,2,20
9,2,3,20
9,7,3,20
9,11,2,20
9,13,4,20
9,14,4,20
9,17,3,20
9,19,1,20
9,28,2,20
10,0,12,20
10,1,1,20
10,5,2,20
10,6,3,20
10,7,1,20
10,9,2,20
10,11,1,20
10,14,4,20
10,18,1,20
10,24,1,20
10,26,1,20
11,0,1,20
11,1,1,20
11,19,4,20
12,0,20,20
12,2,5,20
12,3,30,20
12,4,10,20
12,5,6,20
12,6,2,20
12,7,8,20
12,8,1,20
12,9,9,20
12,10,1,20
12,15,1,20
12,16,4,20
12,17,9,20
12,18,3,20
12,20,7,20
12,21,13,20
12,23,3,20
12,28,1,20
12,29,2,20
14,0,44,20
14,1,2,20
14,3,1,20
14,8,3,20
14,11,1,20
15,0,1,20
16,4,2,20
16,7,3,20
16,8,2,20
16,11,1,20
16,12,1,20
16,14,7,20
16,28,4,20
17,0,7,20
17,1,25,20
17,2,19,20
17,4,9,20
17,5,1,20
17,7,2,20
17,9,2,20
17,11,2,20
17,15,5,20
17,20,5,20
17,21,9,20
17,24,1,20
17,25,1,20
18,1,4,20
18,8,2,20
18,12,4,20
18,14,1,20
18,19,2,20
19,2,1,20
19,15,2,20
19,29,3,20
20,0,7,20
20,8,4,20
20,11,1,20
21,0,2,20
21,1,5,20
21,7,2,20
21,14,2,20
22,0,41,20
22,1,3,20
22,2,6,20
22,3,2,20
22,4,2,20
22,5,4,20
22,8,3,20
22,10,2,20
22,16,2,20
22,17,2,20
22,18,2,20
22,19,3,20
22,26,1,20
22,28,1,20
23,0,2,20
24,0,12,20
24,1,10,20
24,2,5,20
24,3,13,20
24,5,4,20
24,7,2,20
24,8,1,20
24,15,3,20
24,17,1,20
24,21,1,20
25,1,2,20
25,24,1,20
25,25,3,20
26,0,3,20
26,3,2,20
26,6,1,20
26,8,2,20
26,12,2,20
26,14,3,20
26,18,3,20
26,19,1,20
26,27,1,20
27,0,1,20
27,4,3,20
27,5,2,20
27,8,1,20
27,11,2,20
27,13,2,20
27,23,2,20
27,26,2,20
28,1,2,20
28,18,2,20
28,28,2,20
29,0,2,20
29,2,2,20
29,6,1,20
29,7,1,20
29,8,1,20
29,16,1,20
29,24,2,20
29,28,3,20
0,1,20,21
0,2,8,21
0,3,19,21
0,4,14,21
0,5,6,21
0,6,45,21
0,7,36,21
0,8,17,21
0,9,3,21
0,10,4,21
0,11,6,21
0,12,2,21
0,13,1,21
0,15,4,21
0,16,1,21
0,17,7,21
0,18,3,21
0,19,5,21
0,20,3,21
0,21,4,21
0,22,1,21
0,24,4,21
0,26,2,21
0,27,15,21
0,29,1,21
2,0,5,21
2,1,10,21
2,2,18,21
2,4,4,21
2,7,3,21
2,8,1,21
2,9,4,21
2,11,3,21
2,15,4,21
2,18,5,21
2,20,6,21
2,25,2,21
2,29,9,21
3,0,1,21
3,1,1,21
3,2,4,21
3,3,1,21
3,4,4,21
3,5,7,21
3,8,1,21
3,23,2,21
4,0,9,21
4,1,17,21
4,3,4,21
4,4,10,21
4,5,9,21
4,7,3,21
4,15,2,21
4,18,9,21
4,20,2,21
4,21,1,21
4,23,2,21
4,25,1,21
4,26,1,21
5,0,2,21
5,1,2,21
6,0,4,21
6,3,2,21
6,10,2,21
6,22,2,21
7,0,8,21
7,1,1,21
7,3,1,21
7,4,1,21
7,6,1,21
7,15,2,21
7,16,1,21
7,20,3,21
7,22,5,21
9,0,3,21
9,3,1,21
9,8,2,21
9,11,1,21
9,13,4,21
9,14,1,21
9,16,2,21
9,17,3,21
9,19,2,21
10,0,10,21
10,7,4,21
10,9,3,21
10,11,10,21
10,12,1,21
10,13,1,21
10,18,1,21
10,19,1,21
10,24,1,21
10,28,2,21
11,1,2,21
11,9,2,21
11,10,1,21
11,14,2,21
11,17,1,21
11,28,2,21
12,0,33,21
12,2,28,21
12,3,32,21
12,4,24,21
12,5,20,21
12,6,3,21
12,7,4,21
12,9,6,21
12,11,3,21
12,14,1,21
12,15,3,21
12,16,4,21
12,17,5,21
12,18,3,21
12,20,8,21
12,21,6,21
12,22,1,21
12,27,1,21
12,28,3,21
12,29,5,21
14,0,33,21
14,1,1,21
14,2,1,21
14,3,6,21
14,5,1,21
14,7,3,21
14,11,1,21
14,21,2,21
14,24,3,21
16,0,5,21
16,8,1,21
16,11,1,21
16,12,1,21
16,13,1,21
17,0,15,21
17,1,19,21
17,2,6,21
17,4,11,21
17,6,4,21
17,12,1,21
17,16,3,21
17,17,2,21
17,20,4,21
17,21,13,21
18,14,3,21
18,24,3,21
19,4,1,21
19,8,1,21
20,8,1,21
20,11,1,21
21,0,10,21
21,7,2,21
21,8,2,21
21,11,1,21
21,12,7,21
21,13,1,21
21,14,2,21
22,0,37,21
22,1,6,21
22,2,2,21
22,4,1,21
22,5,5,21
22,8,4,21
22,9,1,21
22,26,3,21
24,0,10,21
24,1,18,21
24,2,7,21
24,3,7,21
24,5,5,21
24,9,3,21
24,17,2,21
24,23,2,21
24,27,2,21
24,29,2,21
25,0,3,21
25,2,2,21
25,4,3,21
26,0,6,21
26,1,2,21
26,5,3,21
26,6,1,21
26,8,4,21
26,12,3,21
26,13,1,21
26,14,5,21
26,16,2,21
26,17,3,21
27,1,2,21
27,6,3,21
27,9,7,21
28,0,5,21
28,18,1,21
29,0,2,21
29,14,3,21
0,1,26,22
0,2,11,22
0,3,10,22
0,4,7,22
0,5,8,22
0,6,38,22
0,7,33,22
0,8,13,22
0,9,1,22
0,10,7,22
0,11,5,22
0,13,1,22
0,16,2,22
0,17,9,22
0,18,5,22
0,19,1,22
0,20,5,22
0,21,2,22
0,26,3,22
0,27,11,22
0,28,1,22
1,1,1,22
1,3,3,22
1,21,1,22
1,22,1,22
2,0,8,22
2,1,1,22
2,2,2,22
2,3,11,22
2,4,7,22
2,8,2,22
2,9,3,22
2,10,1,22
2,14,2,22
2,18,3,22
2,21,3,22
2,26,2,22
2,29,5,22
3,0,3,22
3,1,2,22
3,2,4,22
3,4,5,22
3,5,1,22
3,9,2,22
3,11,1,22
3,21,1,22
3,24,2,22
4,0,9,22
4,1,12,22
4,3,13,22
4,4,7,22
4,5,2,22
4,9,2,22
4,10,12,22
4,15,2,22
4,17,1,22
4,18,10,22
4,19,1,22
4,20,2,22
4,26,3,22
4,28,1,22
5,2,3,22
6,0,1,22
6,3,1,22
6,22,1,22
7,0,13,22
7,1,2,22
7,2,14,22
7,3,4,22
7,4,8,22
7,5,2,22
7,6,5,22
7,16,6,22
7,20,2,22
7,21,2,22
7,22,5,22
7,26,2,22
9,8,6,22
9,11,7,22
9,13,10,22
9,14,3,22
9,17,4,22
9,26,6,22
9,27,2,22
9,28,3,22
10,0,14,22
10,1,4,22
10,11,2,22
10,12,5,22
10,15,2,22
10,17,1,22
10,19,1,22
10,27,2,22
10,28,1,22
11,1,1,22
11,18,1,22
12,0,28,22
12,2,12,22
12,3,21,22
12,4,11,22
12,5,7,22
12,7,6,22
12,8,4,22
12,9,3,22
12,10,5,22
12,11,3,22
12,12,1,22
12,16,3,22
12,17,1,22
12,18,2,22
12,20,9,22
12,21,9,22
12,22,2,22
12,24,2,22
13,23,1,22
14,0,43,22
14,2,2,22
14,3,1,22
14,10,3,22
14,17,2,22
14,26,2,22
15,0,3,22
15,5,2,22
16,2,1,22
16,3,2,22
16,7,3,22
16,8,3,22
16,14,4,22
16,16,2,22
16,17,1,22
16,27,1,22
16,28,4,22
17,0,8,22
17,1,12,22
17,2,21,22
17,5,13,22
17,9,2,22
17,15,3,22
17,19,2,22
17,20,2,22
17,21,5,22
17,22,2,22
17,23,1,22
17,24,1,22
18,0,1,22
18,2,1,22
18,11,2,22
18,12,3,22
18,19,3,22
19,1,1,22
19,4,1,22
20,8,5,22
20,23,3,22
20,28,1,22
21,0,12,22
21,1,3,22
21,6,2,22
21,8,1,22
21,12,2,22
21,13,1,22
21,14,3,22
21,27,8,22
22,0,39,22
22,1,6,22
22,2,2,22
22,5,1,22
22,10,1,22
22,12,1,22
22,19,3,22
24,0,13,22
24,1,5,22
24,2,7,22
24,3,2,22
24,5,12,22
24,9,2,22
24,10,4,22
24,21,1,22
24,23,1,22
24,27,1,22
24,29,5,22
25,0,2,22
25,1,1,22
25,2,1,22
25,3,1,22
25,4,1,22
25,11,3,22
25,15,2,22
25,24,2,22
26,0,2,22
26,1,5,22
26,8,4,22
26,12,4,22
26,13,5,22
26,14,2,22
26,27,2,22
26,28,2,22
27,3,1,22
27,8,1,22
27,18,2,22
27,23,3,22
28,13,2,22
28,19,1,22
28,28,2,22
29,5,2,22
29,8,2,22
29,12,6,22
29,13,1,22
29,27,1,22
0,1,21,23
0,2,17,23
0,3,10,23
0,4,3,23
0,5,2,23
0,6,29,23
0,7,38,23
0,8,14,23
0,9,3,23
0,10,16,23
0,11,2,23
0,12,2,23
0,14,1,23
0,15,2,23
0,16,4,23
0,17,5,23
0,19,2,23
0,20,4,23
0,21,3,23
0,22,4,23
0,23,4,23
0,24,6,23
0,25,3,23
0,26,2,23
0,27,6,23
0,28,2,23
1,6,1,23
1,21,1,23
1,22,1,23
2,0,2,23
2,1,2,23
2,2,6,23
2,3,6,23
2,4,4,23
2,9,5,23
2,15,5,23
2,17,1,23
2,21,1,23
2,29,11,23
3,0,1,23
3,2,5,23
3,3,2,23
3,4,2,23
3,12,1,23
3,20,4,23
4,0,10,23
4,1,16,23
4,3,10,23
4,4,2,23
4,7,2,23
4,9,3,23
4,12,1,23
4,15,7,23
4,16,2,23
4,17,3,23
4,18,1,23
4,24,1,23
4,26,1,23
5,0,2,23
6,3,1,23
7,0,21,23
7,2,1,23
7,4,6,23
7,5,1,23
7,6,1,23
7,8,1,23
7,22,1,23
7,26,3,23
7,27,2,23
8,1,2,23
8,4,2,23
9,0,2,23
9,1,2,23
9,2,1,23
9,4,1,23
9,8,8,23
9,11,7,23
9,13,8,23
9,14,5,23
9,17,8,23
10,0,11,23
10,2,2,23
10,3,2,23
10,5,3,23
10,10,1,23
10,12,13,23
10,14,1,23
10,17,1,23
10,19,1,23
10,23,1,23
10,24,1,23
10,26,1,23
11,0,2,23
11,1,3,23
11,3,2,23
11,7,3,23
11,13,3,23
11,18,1,23
12,0,29,23
12,2,11,23
12,3,19,23
12,4,2,23
12,5,6,23
12,6,5,23
12,7,3,23
12,9,15,23
12,14,1,23
12,15,2,23
12,16,1,23
12,20,7,23
12,21,2,23
12,25,3,23
12,26,2,23
12,27,2,23
12,29,2,23
14,0,26,23
14,7,1,23
14,9,2,23
16,0,8,23
16,8,1,23
16,13,1,23
16,14,1,23
16,28,8,23
17,0,7,23
17,1,15,23
17,2,11,23
17,4,1,23
17,5,4,23
17,6,2,23
17,8,3,23
17,9,2,23
17,12,2,23
17,17,1,23
17,21,6,23
17,22,1,23
17,23,2,23
17,24,1,23
18,0,4,23
18,2,2,23
18,17,1,23
18,19,8,23
18,26,3,23
19,0,1,23
19,1,1,23
19,2,1,23
19,4,1,23
19,28,2,23
20,7,1,23
20,8,1,23
20,11,1,23
20,13,1,23
20,14,1,23
20,16,1,23
20,26,1,23
20,28,1,23
21,0,4,23
21,2,3,23
21,3,1,23
21,6,1,23
21,8,4,23
21,12,1,23
21,13,5,23
21,14,1,23
21,19,2,23
21,23,3,23
22,0,30,23
22,1,6,23
22,2,4,23
22,4,1,23
22,6,1,23
22,8,2,23
22,9,5,23
22,17,2,23
22,21,3,23
23,2,1,23
24,0,7,23
24,1,1,23
24,2,3,23
24,5,5,23
24,7,1,23
24,8,1,23
24,9,2,23
24,10,6,23
24,18,6,23
24,23,5,23
24,26,1,23
24,27,1,23
25,0,2,23
25,2,1,23
25,3,2,23
25,4,7,23
25,9,1,23
25,12,3,23
26,0,3,23
26,12,6,23
26,13,2,23
26,16,1,23
26,18,1,23
26,24,2,23
26,25,1,23
27,0,4,23
27,1,2,23
27,4,5,23
27,5,1,23
28,0,3,23
28,17,3,23
28,26,1,23
28,28,1,23
29,0,2,23
29,1,2,23
29,9,1,23
29,10,3,23
29,28,3,23
0,1,23,24
0,2,7,24
0,3,8,24
0,4,8,24
0,5,1,24
0,6,39,24
0,7,28,24
0,8,12,24
0,9,2,24
0,10,4,24
0,11,2,24
0,12,3,24
0,13,1,24
0,14,5,24
0,15,3,24
0,16,3,24
0,17,6,24
0,18,4,24
0,19,2,24
0,20,2,24
0,21,2,24
0,22,3,24
0,24,6,24
0,25,2,24
0,26,5,24
0,27,7,24
0,29,1,24
1,0,1,24
2,0,4,24
2,1,5,24
2,2,2,24
2,3,8,24
2,4,3,24
2,7,1,24
2,8,3,24
2,15,6,24
2,17,2,24
2,18,2,24
2,20,1,24
2,23,2,24
2,29,4,24
3,0,2,24
3,1,1,24
3,2,5,24
3,4,2,24
3,5,2,24
3,14,1,24
3,22,1,24
4,0,5,24
4,1,17,24
4,3,15,24
4,8,5,24
4,9,2,24
4,15,3,24
4,16,3,24
4,18,7,24
4,25,1,24
5,0,1,24
5,6,2,24
6,0,1,24
6,3,1,24
6,6,4,24
6,10,4,24
7,0,8,24
7,1,2,24
7,3,1,24
7,4,4,24
7,6,2,24
7,20,1,24
7,21,3,24
7,22,5,24
8,25,2,24
9,0,2,24
9,1,1,24
9,13,10,24
9,14,4,24
9,17,3,24
9,26,1,24
9,28,5,24
10,0,12,24
10,2,1,24
10,5,4,24
10,11,3,24
10,12,5,24
10,13,6,24
10,17,1,24
10,26,1,24
10,28,1,24
11,0,6,24
11,1,1,24
11,17,1,24
11,27,1,24
12,0,24,24
12,2,18,24
12,3,17,24
12,4,6,24
12,5,4,24
12,6,4,24
12,9,4,24
12,11,1,24
12,12,1,24
12,13,2,24
12,14,1,24
12,15,2,24
12,16,4,24
12,17,9,24
12,18,3,24
12,20,4,24
12,21,10,24
12,24,2,24
12,25,2,24
12,27,2,24
12,28,1,24
12,29,1,24
13,0,2,24
14,0,31,24
14,1,6,24
14,3,1,24
14,5,1,24
14,8,2,24
14,10,1,24
14,20,2,24
14,26,1,24
16,0,3,24
16,13,1,24
16,17,2,24
16,28,1,24
17,0,6,24
17,1,6,24
17,2,16,24
17,4,7,24
17,5,5,24
17,6,1,24
17,10,1,24
17,15,1,24
17,17,1,24
17,18,1,24
17,20,1,24
17,21,7,24
17,22,2,24
17,26,1,24
17,27,2,24
18,0,2,24
18,8,1,24
18,12,3,24
18,13,1,24
18,17,1,24
18,19,1,24
18,26,2,24
19,29,1,24
20,0,2,24
20,8,3,24
20,13,2,24
21,0,7,24
21,1,8,24
21,7,2,24
21,11,1,24
21,12,3,24
21,14,1,24
21,19,1,24
21,28,3,24
22,0,44,24
22,2,1,24
22,6,1,24
22,9,3,24
22,12,1,24
22,15,1,24
22,28,2,24
23,1,1,24
23,7,2,24
23,10,3,24
24,0,9,24
24,1,4,24
24,3,2,24
24,5,5,24
24,7,1,24
24,10,2,24
24,17,1,24
24,29,1,24
25,1,1,24
25,25,4,24
26,1,1,24
26,8,4,24
26,13,1,24
26,14,2,24
26,17,1,24
26,27,2,24
27,0,7,24
27,1,1,24
27,3,4,24
27,5,2,24
27,15,2,24
28,0,1,24
28,12,1,24
28,13,2,24
28,17,1,24
29,0,2,24
29,6,1,24
29,8,4,24
29,13,1,24
29,14,1,24
29,27,1,24
29,28,2,24
0,1,32,25
0,2,30,25
0,3,8,25
0,4,4,25
0,5,36,25
0,6,47,25
0,7,43,25
0,8,12,25
0,9,3,25
0,10,19,25
0,11,4,25
0,12,6,25
0,14,2,25
0,15,1,25
0,17,8,25
0,18,2,25
0,19,7,25
0,20,5,25
0,22,10,25
0,23,1,25
0,24,2,25
0,25,2,25
0,27,2,25
0,29,1,25
1,0,2,25
1,22,2,25
2,0,32,25
2,1,5,25
2,2,4,25
2,3,3,25
2,8,4,25
2,9,6,25
2,10,4,25
2,12,1,25
2,17,1,25
2,18,4,25
2,20,1,25
2,26,1,25
2,29,3,25
3,1,6,25
3,2,4,25
3,3,2,25
3,9,1,25
3,10,1,25
3,11,2,25
3,14,4,25
3,21,1,25
3,25,2,25
4,0,27,25
4,1,6,25
4,3,6,25
4,4,2,25
4,5,4,25
4,7,4,25
4,8,3,25
4,9,1,25
4,10,3,25
4,18,5,25
5,6,3,25
6,0,1,25
6,6,5,25
6,10,3,25
6,13,4,25
7,0,21,25
7,1,3,25
7,2,2,25
7,3,1,25
7,5,4,25
7,6,4,25
7,7,2,25
7,15,1,25
7,18,1,25
7,19,2,25
7,21,12,25
7,22,12,25
7,26,2,25
9,0,3,25
9,1,2,25
9,8,2,25
9,11,1,25
9,13,7,25
9,14,2,25
9,17,7,25
9,19,4,25
9,26,5,25
9,27,3,25
9,28,6,25
10,0,8,25
10,1,2,25
10,2,2,25
10,3,3,25
10,7,1,25
10,11,2,25
10,12,2,25
10,14,3,25
10,15,1,25
10,19,3,25
10,28,1,25
11,0,2,25
11,2,1,25
11,27,1,25
12,0,31,25
12,2,12,25
12,3,10,25
12,4,5,25
12,5,12,25
12,8,2,25
12,9,5,25
12,10,6,25
12,11,13,25
12,12,3,25
12,13,1,25
12,14,3,25
12,15,4,25
12,16,3,25
12,17,4,25
12,18,6,25
12,20,6,25
12,21,5,25
12,23,1,25
12,25,3,25
12,26,1,25
12,27,2,25
12,28,2,25
13,0,1,25
14,0,42,25
14,1,1,25
14,3,1,25
14,5,1,25
14,7,4,25
14,9,1,25
14,24,3,25
14,27,1,25
15,7,2,25
16,0,7,25
16,7,1,25
16,8,5,25
16,10,2,25
16,12,3,25
16,14,4,25
16,16,1,25
16,28,4,25
17,0,7,25
17,1,11,25
17,2,2,25
17,4,6,25
17,5,6,25
17,7,2,25
17,8,3,25
17,9,4,25
17,15,2,25
17,21,4,25
18,8,1,25
18,11,1,25
18,12,4,25
18,14,3,25
18,17,3,25
18,19,4,25
18,26,10,25
19,23,1,25
20,8,17,25
20,11,1,25
20,19,1,25
20,23,2,25
21,0,6,25
21,3,1,25
21,11,2,25
21,12,7,25
21,13,2,25
21,14,3,25
21,19,1,25
21,25,2,25
21,27,1,25
21,28,2,25
22,0,43,25
22,2,4,25
22,6,1,25
22,8,1,25
22,9,2,25
22,18,1,25
22,26,2,25
23,2,2,25
23,4,2,25
23,9,1,25
24,0,6,25
24,1,5,25
24,2,3,25
24,3,4,25
24,9,1,25
24,10,1,25
24,16,3,25
24,25,2,25
25,0,1,25
25,1,2,25
25,5,2,25
25,15,2,25
26,0,1,25
26,1,9,25
26,7,1,25
26,8,2,25
26,12,1,25
26,13,4,25
26,14,1,25
26,26,3,25
26,28,1,25
27,6,3,25
27,9,2,25
27,11,2,25
27,15,3,25
27,16,1,25
27,17,1,25
27,25,2,25
27,26,1,25
28,3,1,25
28,7,2,25
28,17,2,25
29,0,3,25
29,9,2,25
29,11,2,25
29,12,2,25
29,13,7,25
29,24,1,25
29,27,1,25
29,28,10,25
0,1,30,26
0,2,27,26
0,3,7,26
0,4,8,26
0,5,13,26
0,6,43,26
0,7,30,26
0,8,6,26
0,9,1,26
0,10,8,26
0,11,3,26
0,12,4,26
0,14,2,26
0,16,6,26
0,17,10,26
0,18,2,26
0,19,3,26
0,20,3,26
0,22,8,26
0,24,1,26
0,26,5,26
0,27,3,26
0,29,1,26
1,0,1,26
1,16,1,26
1,22,1,26
2,0,7,26
2,1,3,26
2,2,4,26
2,4,2,26
2,6,1,26
2,9,2,26
2,10,1,26
2,15,4,26
2,16,2,26
2,18,3,26
2,19,1,26
2,21,2,26
2,22,2,26
2,23,1,26
2,29,3,26
3,0,1,26
3,1,4,26
3,2,4,26
3,3,1,26
3,5,2,26
3,11,4,26
3,14,2,26
3,16,3,26
3,24,1,26
4,0,26,26
4,1,2,26
4,3,6,26
4,4,6,26
4,5,5,26
4,9,4,26
4,11,1,26
4,15,8,26
4,18,3,26
4,19,1,26
4,25,1,26
4,29,2,26
5,0,2,26
6,0,7,26
6,1,6,26
6,2,2,26
6,3,1,26
6,10,1,26
6,13,2,26
6,22,1,26
7,0,7,26
7,2,1,26
7,3,2,26
7,4,4,26
7,6,1,26
7,7,2,26
7,16,1,26
7,21,4,26
7,22,7,26
9,0,4,26
9,1,3,26
9,4,4,26
9,8,1,26
9,11,5,26
9,13,8,26
9,14,7,26
9,17,3,26
9,26,6,26
9,28,5,26
10,0,2,26
10,5,1,26
10,11,8,26
10,16,1,26
10,21,1,26
10,26,3,26
10,27,2,26
10,28,4,26
11,0,6,26
11,1,1,26
11,5,2,26
12,0,22,26
12,2,10,26
12,3,12,26
12,4,7,26
12,5,9,26
12,6,3,26
12,7,1,26
12,9,3,26
12,10,1,26
12,11,6,26
12,12,2,26
12,14,2,26
12,15,4,26
12,17,9,26
12,18,3,26
12,20,7,26
12,21,4,26
12,23,1,26
12,27,1,26
12,28,1,26
12,29,3,26
13,0,2,26
13,1,1,26
13,5,2,26
14,0,30,26
14,1,3,26
14,10,1,26
14,22,4,26
14,26,1,26
15,0,2,26
15,6,1,26
16,0,1,26
16,2,1,26
16,8,4,26
16,9,1,26
16,13,1,26
16,14,6,26
16,15,6,26
16,17,1,26
16,28,10,26
17,0,3,26
17,1,4,26
17,2,13,26
17,4,12,26
17,9,2,26
17,10,2,26
17,15,3,26
17,18,2,26
17,21,7,26
18,0,1,26
18,1,1,26
18,8,5,26
18,12,3,26
18,13,1,26
18,19,7,26
18,26,4,26
20,8,12,26
20,9,1,26
20,11,1,26
20,12,3,26
20,14,3,26
20,19,1,26
21,0,14,26
21,1,5,26
21,2,1,26
21,12,6,26
21,14,3,26
21,19,2,26
21,27,1,26
22,0,32,26
22,1,2,26
22,3,1,26
22,4,1,26
22,6,1,26
22,9,1,26
22,10,5,26
23,16,1,26
24,0,6,26
24,1,9,26
24,2,9,26
24,3,9,26
24,5,12,26
24,6,2,26
24,9,1,26
24,10,6,26
24,12,2,26
24,15,3,26
24,17,1,26
24,19,6,26
24,20,2,26
24,21,3,26
24,22,1,26
24,23,3,26
24,29,1,26
25,1,1,26
25,2,2,26
25,4,4,26
25,5,3,26
25,9,1,26
25,16,1,26
25,25,4,26
26,0,1,26
26,1,8,26
26,8,10,26
26,12,5,26
26,13,5,26
26,14,2,26
26,16,3,26
26,18,4,26
27,0,2,26
27,9,1,26
27,28,1,26
28,0,1,26
28,5,1,26
28,17,5,26
28,20,1,26
29,0,1,26
29,8,5,26
29,12,3,26
29,28,2,26
0,1,26,27
0,2,18,27
0,3,7,27
0,4,7,27
0,5,22,27
0,6,47,27
0,7,51,27
0,8,11,27
0,9,5,27
0,10,10,27
0,11,1,27
0,12,2,27
0,15,1,27
0,16,2,27
0,17,7,27
0,18,3,27
0,19,9,27
0,21,2,27
0,22,5,27
0,24,1,27
0,25,2,27
0,26,2,27
0,27,1,27
0,29,3,27
2,0,16,27
2,1,6,27
2,2,12,27
2,3,4,27
2,4,5,27
2,10,1,27
2,13,1,27
2,18,4,27
2,27,6,27
2,29,5,27
3,0,4,27
3,1,2,27
3,5,2,27
3,23,1,27
4,0,12,27
4,1,4,27
4,3,13,27
4,4,8,27
4,5,11,27
4,6,2,27
4,8,1,27
4,9,3,27
4,15,7,27
4,17,1,27
4,18,6,27
4,20,1,27
4,23,3,27
4,24,1,27
4,29,3,27
5,0,1,27
6,0,2,27
6,2,2,27
6,10,1,27
7,0,10,27
7,3,4,27
7,5,1,27
7,6,1,27
7,9,1,27
7,17,1,27
7,20,1,27
7,21,1,27
7,22,9,27
9,0,1,27
9,5,1,27
9,8,5,27
9,9,3,27
9,11,4,27
9,13,3,27
9,14,11,27
9,16,5,27
9,17,2,27
9,19,2,27
10,0,16,27
10,1,1,27
10,4,2,27
10,6,2,27
10,11,4,27
10,12,4,27
10,13,2,27
10,14,4,27
10,19,1,27
10,24,1,27
10,26,1,27
10,28,5,27
11,0,1,27
11,1,5,27
11,2,1,27
11,8,1,27
11,15,1,27
12,0,28,27
12,2,16,27
12,3,12,27
12,4,4,27
12,5,11,27
12,6,2,27
12,7,7,27
12,8,1,27
12,9,7,27
12,11,4,27
12,12,1,27
12,14,2,27
12,15,7,27
12,16,8,27
12,17,6,27
12,18,4,27
12,20,22,27
12,21,3,27
12,25,3,27
12,26,1,27
12,27,2,27
12,29,1,27
13,1,1,27
13,18,1,27
14,0,47,27
14,1,2,27
14,3,2,27
14,7,3,27
14,8,3,27
14,10,4,27
14,11,1,27
14,17,1,27
14,26,3,27
14,27,2,27
15,0,4,27
15,3,3,27
15,18,1,27
15,21,1,27
16,0,7,27
16,1,4,27
16,12,2,27
16,13,6,27
16,14,1,27
16,17,1,27
16,24,5,27
16,28,1,27
17,0,7,27
17,1,14,27
17,2,12,27
17,4,10,27
17,5,4,27
17,6,2,27
17,7,1,27
17,9,2,27
17,10,4,27
17,18,3,27
17,21,10,27
18,3,1,27
18,8,2,27
18,11,4,27
18,19,3,27
18,24,2,27
19,4,1,27
20,3,1,27
20,8,2,27
20,13,1,27
20,14,4,27
20,19,1,27
20,26,1,27
20,28,1,27
21,0,10,27
21,1,5,27
21,3,2,27
21,7,4,27
21,8,1,27
21,10,1,27
21,11,1,27
21,12,2,27
21,13,1,27
21,16,3,27
21,19,1,27
21,28,2,27
22,0,42,27
22,1,6,27
22,3,2,27
22,4,1,27
22,5,1,27
22,6,10,27
22,8,1,27
22,9,1,27
22,17,3,27
22,20,1,27
23,19,1,27
24,0,6,27
24,1,1,27
24,2,11,27
24,3,10,27
24,7,2,27
24,8,3,27
24,9,1,27
24,13,1,27
24,17,3,27
24,19,1,27
24,21,1,27
24,23,1,27
25,2,3,27
25,4,2,27
25,5,2,27
25,11,2,27
25,15,1,27
25,18,3,27
26,1,1,27
26,3,1,27
26,4,1,27
26,6,2,27
26,8,5,27
26,13,6,27
26,14,3,27
26,28,8,27
27,0,1,27
27,1,1,27
27,2,2,27
27,4,5,27
27,5,2,27
27,15,1,27
27,16,1,27
27,18,1,27
27,19,5,27
27,28,2,27
28,0,1,27
28,13,1,27
28,17,3,27
29,0,7,27
29,1,1,27
29,6,2,27
29,11,1,27
29,13,2,27
0,1,36,28
0,2,26,28
0,3,12,28
0,4,8,28
0,5,21,28
0,6,112,28
0,7,49,28
0,8,17,28
0,9,8,28
0,10,9,28
0,11,2,28
0,12,8,28
0,13,3,28
0,14,3,28
0,15,6,28
0,16,7,28
0,17,6,28
0,18,1,28
0,19,8,28
0,20,8,28
0,22,4,28
0,23,1,28
0,24,2,28
0,25,3,28
0,26,4,28
0,27,2,28
0,28,7,28
0,29,2,28
1,0,1,28
1,24,1,28
2,0,14,28
2,1,3,28
2,2,2,28
2,4,6,28
2,9,4,28
2,16,3,28
2,18,3,28
2,27,1,28
2,29,4,28
3,0,3,28
3,1,1,28
3,2,4,28
3,4,4,28
3,5,3,28
3,13,3,28
3,14,1,28
3,15,1,28
3,29,1,28
4,0,19,28
4,1,16,28
4,3,7,28
4,4,6,28
4,5,3,28
4,9,4,28
4,10,1,28
4,15,3,28
4,17,1,28
4,18,6,28
4,20,2,28
4,23,6,28
4,24,4,28
4,26,1,28
4,27,3,28
4,28,3,28
4,29,6,28
5,3,1,28
6,0,4,28
6,3,1,28
6,6,1,28
7,0,16,28
7,1,1,28
7,2,1,28
7,4,2,28
7,6,2,28
7,7,7,28
7,20,1,28
7,21,4,28
7,22,3,28
7,27,1,28
8,9,1,28
9,0,6,28
9,8,2,28
9,11,2,28
9,13,3,28
9,14,2,28
9,19,3,28
9,27,2,28
9,28,1,28
10,0,10,28
10,1,4,28
10,3,2,28
10,4,1,28
10,5,1,28
10,7,1,28
10,11,1,28
10,12,2,28
10,13,3,28
10,14,3,28
10,19,2,28
10,23,1,28
10,26,3,28
11,0,2,28
11,1,3,28
12,0,42,28
12,2,18,28
12,3,24,28
12,4,4,28
12,5,3,28
12,6,5,28
12,7,1,28
12,8,1,28
12,9,12,28
12,10,1,28
12,11,6,28
12,15,4,28
12,16,2,28
12,18,1,28
12,19,1,28
12,20,14,28
12,21,1,28
12,22,1,28
12,23,2,28
12,25,5,28
12,29,1,28
13,0,2,28
14,0,84,28
14,1,9,28
14,3,4,28
14,7,4,28
14,19,1,28
14,21,1,28
14,26,1,28
14,27,1,28
15,0,7,28
15,6,21,28
15,10,3,28
16,0,11,28
16,1,1,28
16,8,2,28
16,11,2,28
16,12,4,28
16,15,2,28
16,17,3,28
16,27,1,28
16,28,2,28
17,0,4,28
17,1,15,28
17,2,10,28
17,4,9,28
17,5,7,28
17,6,2,28
17,8,1,28
17,9,2,28
17,18,4,28
17,21,8,28
17,22,1,28
17,23,2,28
17,24,2,28
18,1,1,28
18,11,5,28
18,12,1,28
18,17,2,28
18,19,1,28
19,10,2,28
20,8,8,28
20,9,1,28
20,11,1,28
20,14,1,28
20,19,1,28
20,26,2,28
20,27,1,28
21,0,7,28
21,1,4,28
21,3,1,28
21,11,1,28
21,12,2,28
21,14,2,28
21,19,3,28
21,28,2,28
22,0,48,28
22,1,6,28
22,5,1,28
22,8,1,28
22,10,5,28
22,11,1,28
22,17,1,28
22,24,2,28
23,0,3,28
23,1,6,28
23,3,1,28
23,10,1,28
24,0,6,28
24,1,5,28
24,2,3,28
24,3,4,28
24,5,4,28
24,8,2,28
24,9,1,28
24,11,1,28
24,15,4,28
24,23,6,28
24,24,1,28
24,25,2,28
24,27,1,28
25,2,7,28
25,3,2,28
25,4,6,28
25,5,3,28
25,8,1,28
25,9,1,28
25,11,1,28
25,13,1,28
25,18,2,28
26,0,2,28
26,1,4,28
26,3,2,28
26,8,4,28
26,13,5,28
26,19,2,28
26,27,1,28
27,0,5,28
27,2,5,28
27,3,1,28
27,4,1,28
27,7,1,28
27,8,2,28
27,10,2,28
27,11,2,28
27,21,1,28
27,23,2,28
27,29,1,28
28,8,1,28
28,17,5,28
29,2,1,28
29,8,5,28
29,11,2,28
29,19,1,28
29,27,1,28
0,1,48,29
0,2,16,29
0,3,18,29
0,4,24,29
0,5,19,29
0,6,59,29
0,7,48,29
0,8,29,29
0,9,8,29
0,10,9,29
0,11,5,29
0,12,1,29
0,13,1,29
0,14,3,29
0,15,2,29
0,16,6,29
0,17,3,29
0,18,2,29
0,19,5,29
0,20,27,29
0,22,3,29
0,26,1,29
0,27,11,29
0,28,2,29
1,0,3,29
2,0,19,29
2,1,5,29
2,2,1,29
2,3,5,29
2,4,2,29
2,9,8,29
2,12,2,29
2,15,7,29
2,16,2,29
2,17,1,29
2,18,3,29
2,23,2,29
2,24,2,29
2,27,1,29
2,29,1,29
3,3,4,29
3,4,3,29
3,11,4,29
3,14,2,29
4,0,14,29
4,1,8,29
4,3,6,29
4,4,8,29
4,5,6,29
4,6,1,29
4,7,1,29
4,9,4,29
4,12,1,29
4,13,2,29
4,15,7,29
4,16,1,29
4,18,1,29
4,24,2,29
4,29,2,29
6,0,5,29
6,1,2,29
6,3,1,29
6,6,2,29
6,22,2,29
7,0,16,29
7,1,1,29
7,3,2,29
7,4,1,29
7,5,2,29
7,7,5,29
7,20,2,29
7,22,2,29
8,15,1,29
9,0,1,29
9,1,2,29
9,4,1,29
9,5,2,29
9,8,3,29
9,11,5,29
9,13,6,29
9,14,4,29
9,16,3,29
9,19,1,29
9,23,2,29
9,26,1,29
10,0,14,29
10,12,1,29
10,19,2,29
10,25,2,29
10,26,1,29
10,28,1,29
11,0,1,29
11,2,1,29
12,0,27,29
12,2,12,29
12,3,32,29
12,4,6,29
12,5,8,29
12,6,5,29
12,7,14,29
12,8,2,29
12,9,15,29
12,10,6,29
12,11,2,29
12,12,2,29
12,13,2,29
12,14,1,29
12,15,1,29
12,16,4,29
12,17,3,29
12,18,6,29
12,20,28,29
12,21,4,29
12,22,2,29
12,24,3,29
12,25,3,29
12,26,2,29
12,27,1,29
12,28,1,29
13,0,3,29
14,0,54,29
14,1,2,29
14,3,9,29
14,7,6,29
14,23,1,29
14,26,1,29
14,27,4,29
15,0,4,29
15,1,4,29
15,6,2,29
16,0,2,29
16,1,2,29
16,7,3,29
16,8,3,29
16,11,2,29
16,12,1,29
16,13,2,29
16,17,2,29
16,24,1,29
16,26,2,29
17,0,20,29
17,1,20,29
17,2,4,29
17,4,5,29
17,5,1,29
17,6,6,29
17,8,2,29
17,9,5,29
17,10,2,29
17,11,3,29
17,15,3,29
17,16,1,29
17,18,2,29
17,20,1,29
17,21,10,29
17,22,3,29
18,0,2,29
18,7,2,29
18,8,1,29
18,11,2,29
18,14,2,29
18,17,3,29
18,19,1,29
18,26,2,29
18,27,1,29
19,11,2,29
20,0,2,29
20,2,1,29
20,8,3,29
20,11,1,29
20,19,3,29
20,26,3,29
20,27,1,29
21,0,1,29
21,1,1,29
21,5,1,29
21,8,1,29
21,12,5,29
21,14,4,29
21,19,1,29
21,28,1,29
22,0,60,29
22,1,11,29
22,2,4,29
22,5,1,29
22,6,5,29
22,9,1,29
22,10,5,29
22,20,1,29
23,1,3,29
23,3,5,29
24,0,31,29
24,1,4,29
24,2,12,29
24,3,9,29
24,5,2,29
24,8,2,29
24,9,2,29
24,11,1,29
24,15,2,29
24,18,3,29
24,20,10,29
24,21,3,29
24,24,1,29
24,27,2,29
24,29,1,29
25,0,1,29
25,2,1,29
25,6,1,29
25,12,2,29
25,15,3,29
25,16,1,29
25,24,1,29
25,25,5,29
26,0,4,29
26,4,1,29
26,8,1,29
26,12,1,29
26,13,4,29
26,16,1,29
26,18,4,29
26,19,2,29
26,26,3,29
26,28,4,29
27,0,1,29
27,1,3,29
27,3,2,29
27,4,1,29
27,5,4,29
27,19,3,29
27,23,2,29
27,29,5,29
28,0,3,29
28,1,2,29
28,8,1,29
28,19,1,29
29,4,3,29
29,6,1,29
29,8,2,29
29,10,1,29
29,14,3,29
29,19,2,29
29,25,1,29
29,28,3,29
0,1,41,30
0,2,15,30
0,3,20,30
0,4,16,30
0,5,17,30
0,6,40,30
0,7,45,30
0,8,9,30
0,9,17,30
0,10,12,30
0,12,4,30
0,13,1,30
0,15,2,30
0,16,1,30
0,17,12,30
0,18,1,30
0,19,3,30
0,21,2,30
0,22,2,30
0,23,3,30
0,24,5,30
0,25,3,30
0,26,2,30
0,27,2,30
0,28,1,30
1,0,3,30
2,0,6,30
2,1,8,30
2,2,10,30
2,3,5,30
2,4,4,30
2,6,1,30
2,8,1,30
2,9,4,30
2,10,1,30
2,18,5,30
2,21,2,30
2,23,1,30
2,25,3,30
2,28,1,30
2,29,2,30
3,0,1,30
3,1,3,30
3,2,6,30
3,3,3,30
3,4,2,30
3,5,6,30
3,6,2,30
3,10,3,30
3,29,2,30
4,0,6,30
4,1,23,30
4,3,7,30
4,4,12,30
4,5,1,30
4,6,5,30
4,8,1,30
4,9,6,30
4,11,5,30
4,12,1,30
4,15,5,30
4,18,4,30
4,19,1,30
4,20,4,30
4,21,2,30
4,24,6,30
4,27,1,30
5,0,4,30
6,0,6,30
6,3,4,30
6,10,2,30
7,0,10,30
7,1,2,30
7,2,1,30
7,4,4,30
7,5,2,30
7,6,2,30
7,22,1,30
8,1,2,30
9,0,4,30
9,1,1,30
9,13,5,30
9,14,8,30
9,17,6,30
9,26,2,30
10,0,11,30
10,1,5,30
10,2,1,30
10,4,1,30
10,5,2,30
10,11,1,30
10,12,3,30
10,13,3,30
10,17,1,30
10,25,3,30
10,26,1,30
11,0,6,30
11,1,1,30
11,16,1,30
12,0,41,30
12,2,24,30
12,3,32,30
12,4,9,30
12,5,6,30
12,6,4,30
12,7,5,30
12,8,2,30
12,9,19,30
12,11,1,30
12,12,1,30
12,15,4,30
12,16,3,30
12,17,1,30
12,18,1,30
12,19,1,30
12,20,21,30
12,21,12,30
12,22,2,30
12,23,5,30
12,24,10,30
12,25,4,30
12,27,1,30
12,29,1,30
13,1,1,30
14,0,46,30
14,1,2,30
14,2,3,30
14,3,3,30
14,7,5,30
14,10,2,30
14,18,3,30
14,19,1,30
14,24,2,30
15,3,2,30
15,6,1,30
15,10,2,30
15,22,1,30
16,0,8,30
16,1,2,30
16,2,1,30
16,5,1,30
16,8,4,30
16,14,1,30
16,17,1,30
16,28,1,30
17,0,8,30
17,1,18,30
17,2,8,30
17,4,13,30
17,5,6,30
17,9,1,30
17,16,1,30
17,21,8,30
17,23,1,30
17,24,1,30
17,26,1,30
18,8,1,30
19,4,2,30
20,8,3,30
20,11,1,30
21,0,10,30
21,1,5,30
21,2,1,30
21,7,2,30
21,12,6,30
21,14,1,30
21,23,1,30
22,0,38,30
22,1,3,30
22,2,4,30
22,3,1,30
22,4,3,30
22,6,1,30
22,11,3,30
22,20,1,30
22,21,2,30
22,22,2,30
22,28,2,30
23,3,8,30
24,0,13,30
24,1,9,30
24,2,2,30
24,3,8,30
24,5,5,30
24,9,2,30
24,10,1,30
24,15,6,30
24,16,1,30
24,18,3,30
24,23,3,30
24,29,3,30
25,0,2,30
25,1,2,30
25,2,2,30
25,3,1,30
25,4,3,30
25,5,1,30
25,9,1,30
25,18,3,30
25,24,1,30
26,2,5,30
26,7,5,30
26,8,1,30
26,12,3,30
26,13,1,30
26,14,2,30
26,16,3,30
27,0,2,30
27,1,6,30
27,2,8,30
27,3,1,30
27,6,3,30
27,9,1,30
27,17,1,30
27,23,1,30
27,29,1,30
28,1,2,30
29,3,1,30
29,8,1,30
29,13,1,30
29,14,1,30
0,1,36,31
0,2,44,31
0,3,11,31
0,4,7,31
0,5,8,31
0,6,59,31
0,7,74,31
0,8,9,31
0,9,5,31
0,10,8,31
0,11,4,31
0,12,2,31
0,13,1,31
0,14,1,31
0,16,3,31
0,17,5,31
0,20,6,31
0,21,3,31
0,24,8,31
0,26,5,31
0,27,4,31
1,0,2,31
2,0,8,31
2,1,13,31
2,2,4,31
2,3,8,31
2,4,5,31
2,6,3,31
2,7,1,31
2,9,4,31
2,11,1,31
2,15,7,31
2,17,3,31
2,18,4,31
2,20,2,31
2,21,1,31
2,24,2,31
2,29,2,31
3,1,3,31
3,2,1,31
3,3,1,31
3,4,3,31
3,5,2,31
3,9,2,31
4,0,35,31
4,1,32,31
4,3,11,31
4,4,8,31
4,5,9,31
4,6,7,31
4,7,2,31
4,9,5,31
4,10,2,31
4,11,2,31
4,15,2,31
4,18,7,31
4,20,7,31
4,21,1,31
4,23,5,31
5,6,1,31
6,0,5,31
6,3,1,31
6,6,2,31
6,10,1,31
7,0,15,31
7,1,1,31
7,2,4,31
7,4,1,31
7,5,2,31
7,9,3,31
7,20,1,31
7,22,10,31
7,24,1,31
8,5,1,31
9,0,2,31
9,2,6,31
9,6,1,31
9,7,1,31
9,9,4,31
9,11,3,31
9,13,6,31
9,14,3,31
9,17,2,31
9,19,3,31
9,29,2,31
10,0,11,31
10,7,1,31
10,11,6,31
10,13,2,31
10,16,1,31
10,19,7,31
10,28,3,31
11,3,2,31
11,5,1,31
11,9,2,31
12,0,37,31
12,2,42,31
12,3,42,31
12,4,14,31
12,5,10,31
12,7,8,31
12,8,1,31
12,9,2,31
12,10,2,31
12,12,3,31
12,14,4,31
12,15,7,31
12,16,8,31
12,18,1,31
12,19,2,31
12,20,22,31
12,21,13,31
12,23,3,31
12,24,3,31
12,25,2,31
12,26,1,31
12,29,2,31
13,6,1,31
13,16,1,31
13,24,2,31
14,0,43,31
14,1,2,31
14,2,2,31
14,3,7,31
14,4,2,31
14,5,1,31
14,8,2,31
14,9,1,31
14,22,2,31
14,24,22,31
14,29,1,31
15,0,2,31
15,3,2,31
16,0,3,31
16,1,1,31
16,3,1,31
16,4,2,31
16,8,8,31
16,12,1,31
16,13,1,31
16,16,1,31
16,26,1,31
17,0,8,31
17,1,25,31
17,2,23,31
17,4,8,31
17,5,12,31
17,6,4,31
17,9,3,31
17,19,1,31
17,20,2,31
17,21,6,31
17,24,3,31
17,26,2,31
18,0,3,31
18,8,3,31
18,11,1,31
18,14,1,31
18,26,1,31
19,0,17,31
19,1,1,31
19,2,1,31
19,4,1,31
19,5,1,31
19,29,2,31
20,8,4,31
20,19,1,31
20,26,2,31
21,0,4,31
21,7,1,31
21,12,2,31
21,14,2,31
21,18,2,31
21,24,1,31
21,25,1,31
21,28,3,31
22,0,76,31
22,1,2,31
22,4,1,31
22,5,2,31
22,11,1,31
22,15,4,31
22,17,3,31
24,0,11,31
24,1,7,31
24,2,7,31
24,3,7,31
24,5,4,31
24,6,1,31
24,7,2,31
24,9,1,31
24,18,2,31
24,19,2,31
24,20,2,31
24,23,2,31
24,24,2,31
24,25,1,31
24,29,2,31
25,0,2,31
25,2,4,31
25,4,5,31
25,5,2,31
25,6,1,31
25,16,1,31
25,24,2,31
25,29,2,31
26,0,2,31
26,2,1,31
26,5,1,31
26,8,4,31
26,9,2,31
26,13,1,31
26,14,3,31
26,28,1,31
27,0,6,31
27,1,1,31
27,2,4,31
27,3,1,31
27,4,2,31
27,6,20,31
27,8,1,31
27,13,2,31
27,15,1,31
27,23,7,31
28,0,2,31
28,8,1,31
28,13,2,31
29,0,4,31
29,3,2,31
29,8,1,31
29,19,1,31
29,24,1,31
29,28,5,31
0,1,44,32
0,2,56,32
0,3,17,32
0,4,16,32
0,5,21,32
0,6,70,32
0,7,86,32
0,8,12,32
0,9,3,32
0,10,8,32
0,11,5,32
0,12,1,32
0,14,4,32
0,15,2,32
0,16,1,32
0,17,6,32
0,18,4,32
0,19,8,32
0,20,3,32
0,21,5,32
0,22,1,32
0,24,8,32
0,25,1,32
0,26,2,32
0,27,10,32
0,29,2,32
1,22,1,32
2,0,21,32
2,1,28,32
2,2,17,32
2,3,7,32
2,4,7,32
2,7,1,32
2,9,14,32
2,15,1,32
2,16,2,32
2,18,6,32
2,23,4,32
2,25,1,32
2,28,2,32
2,29,9,32
3,0,1,32
3,1,3,32
3,2,6,32
3,4,10,32
3,5,8,32
3,14,1,32
3,16,1,32
3,21,1,32
3,28,1,32
3,29,1,32
4,0,29,32
4,1,26,32
4,3,31,32
4,4,4,32
4,5,19,32
4,6,1,32
4,7,2,32
4,8,1,32
4,9,3,32
4,14,1,32
4,15,5,32
4,18,2,32
4,20,2,32
4,24,1,32
4,28,1,32
5,1,3,32
5,3,2,32
5,22,1,32
6,0,8,32
6,6,6,32
7,0,8,32
7,1,2,32
7,2,2,32
7,3,2,32
7,4,1,32
7,5,2,32
7,6,3,32
7,9,1,32
7,15,1,32
7,17,1,32
7,20,5,32
7,22,4,32
7,24,1,32
8,9,2,32
8,16,1,32
8,24,1,32
9,1,3,32
9,2,1,32
9,4,1,32
9,7,1,32
9,8,1,32
9,11,4,32
9,13,3,32
9,14,2,32
9,17,2,32
9,19,2,32
9,24,1,32
9,26,1,32
10,0,5,32
10,4,2,32
10,5,1,32
10,11,2,32
10,12,1,32
10,13,4,32
10,14,3,32
10,17,2,32
10,18,1,32
10,19,3,32
10,26,1,32
10,27,1,32
10,28,1,32
11,0,7,32
11,1,3,32
11,25,2,32
12,0,37,32
12,2,44,32
12,3,69,32
12,4,14,32
12,5,30,32
12,6,2,32
12,7,4,32
12,9,19,32
12,14,1,32
12,16,2,32
12,17,1,32
12,18,5,32
12,19,1,32
12,20,19,32
12,21,15,32
12,22,1,32
12,23,2,32
12,24,4,32
12,25,4,32
12,27,2,32
12,29,4,32
13,0,2,32
14,0,53,32
14,1,2,32
14,2,1,32
14,3,4,32
14,4,1,32
14,5,2,32
14,7,1,32
14,10,2,32
14,11,1,32
14,12,1,32
14,14,1,32
14,24,1,32
14,26,1,32
14,27,1,32
15,0,6,32
15,3,3,32
15,6,2,32
15,13,1,32
16,0,13,32
16,1,3,32
16,2,2,32
16,7,2,32
16,8,3,32
16,12,1,32
16,13,1,32
16,14,3,32
16,28,7,32
17,0,8,32
17,1,26,32
17,2,33,32
17,4,5,32
17,5,1,32
17,6,5,32
17,15,3,32
17,16,1,32
17,19,1,32
17,20,1,32
17,21,21,32
17,24,1,32
18,5,2,32
18,8,1,32
18,17,2,32
18,19,6,32
18,26,2,32
18,27,4,32
19,0,8,32
19,1,1,32
19,18,2,32
20,13,2,32
20,19,7,32
20,24,1,32
20,26,1,32
21,0,12,32
21,1,3,32
21,2,1,32
21,3,1,32
21,5,2,32
21,6,1,32
21,7,2,32
21,8,2,32
21,12,1,32
21,13,1,32
21,19,1,32
21,23,1,32
21,27,2,32
21,28,2,32
22,0,67,32
22,1,9,32
22,2,2,32
22,5,1,32
22,10,1,32
22,11,2,32
22,19,3,32
22,21,1,32
23,0,10,32
23,1,7,32
23,3,1,32
23,5,2,32
23,21,1,32
23,24,1,32
24,0,7,32
24,1,11,32
24,2,8,32
24,3,3,32
24,5,3,32
24,7,2,32
24,9,1,32
24,12,1,32
24,16,1,32
24,18,11,32
24,20,5,32
24,23,3,32
24,24,3,32
24,25,4,32
24,26,3,32
24,29,3,32
25,1,1,32
25,2,1,32
25,4,5,32
25,9,1,32
25,13,1,32
25,15,2,32
25,17,1,32
25,25,5,32
26,0,2,32
26,8,4,32
26,13,1,32
26,14,1,32
26,24,1,32
26,26,2,32
26,28,3,32
27,0,11,32
27,1,1,32
27,2,4,32
27,3,1,32
27,4,6,32
27,6,1,32
27,8,1,32
27,10,1,32
27,12,1,32
27,21,1,32
27,23,4,32
28,0,2,32
28,2,2,32
28,13,1,32
28,14,3,32
28,17,1,32
29,0,2,32
29,1,1,32
29,2,1,32
29,6,1,32
29,11,3,32
29,12,1,32
29,13,1,32
29,27,2,32
29,28,1,32
0,1,56,33
0,2,64,33
0,3,6,33
0,4,32,33
0,5,16,33
0,6,64,33
0,7,103,33
0,8,13,33
0,9,3,33
0,10,7,33
0,11,3,33
0,12,2,33
0,13,3,33
0,14,5,33
0,15,4,33
0,16,5,33
0,17,5,33
0,18,1,33
0,19,3,33
0,20,2,33
0,22,3,33
0,23,1,33
0,25,1,33
0,27,9,33
1,0,11,33
1,10,3,33
1,22,2,33
2,0,12,33
2,1,11,33
2,2,10,33
2,3,11,33
2,4,11,33
2,7,1,33
2,9,13,33
2,10,1,33
2,14,2,33
2,15,3,33
2,18,5,33
2,21,5,33
2,25,4,33
2,29,12,33
3,0,6,33
3,2,8,33
3,3,1,33
3,4,6,33
3,5,3,33
3,6,2,33
3,9,3,33
3,29,3,33
4,0,51,33
4,1,29,33
4,3,35,33
4,4,12,33
4,5,8,33
4,7,4,33
4,8,4,33
4,9,8,33
4,15,5,33
4,16,3,33
4,18,6,33
4,21,6,33
4,22,2,33
4,23,1,33
4,27,3,33
5,4,1,33
5,8,2,33
6,0,7,33
6,2,2,33
6,3,2,33
6,4,2,33
6,6,1,33
6,10,2,33
7,0,10,33
7,2,1,33
7,3,3,33
7,4,1,33
7,6,1,33
7,17,1,33
7,21,12,33
7,22,9,33
8,4,2,33
9,0,3,33
9,3,2,33
9,8,1,33
9,11,4,33
9,13,5,33
9,14,6,33
9,23,2,33
9,24,1,33
9,26,2,33
9,28,4,33
10,0,8,33
10,1,1,33
10,6,2,33
10,11,2,33
10,12,1,33
10,14,1,33
10,18,3,33
10,19,3,33
10,26,2,33
10,27,2,33
11,1,1,33
11,3,1,33
11,4,2,33
11,6,2,33
11,11,2,33
11,27,2,33
12,0,46,33
12,2,36,33
12,3,55,33
12,4,21,33
12,5,15,33
12,6,3,33
12,7,4,33
12,9,6,33
12,11,1,33
12,13,4,33
12,14,1,33
12,15,4,33
12,16,7,33
12,17,2,33
12,18,3,33
12,19,1,33
12,20,14,33
12,21,4,33
12,23,4,33
12,24,2,33
12,28,5,33
12,29,4,33
13,0,2,33
13,5,2,33
13,16,1,33
14,0,44,33
14,1,9,33
14,3,3,33
14,5,1,33
14,7,2,33
14,8,2,33
14,10,2,33
14,11,4,33
14,16,1,33
14,18,2,33
15,0,2,33
15,1,1,33
16,0,4,33
16,1,1,33
16,2,1,33
16,3,2,33
16,4,1,33
16,7,2,33
16,8,8,33
16,11,3,33
16,13,3,33
16,14,4,33
16,17,3,33
16,23,1,33
16,27,3,33
16,28,1,33
17,0,13,33
17,1,27,33
17,2,36,33
17,4,8,33
17,5,13,33
17,6,3,33
17,7,1,33
17,9,4,33
17,10,3,33
17,12,3,33
17,16,2,33
17,18,3,33
17,19,2,33
17,20,1,33
17,21,4,33
17,22,1,33
17,29,3,33
18,1,3,33
18,2,3,33
18,8,3,33
18,11,2,33
18,12,4,33
18,13,1,33
18,14,2,33
18,19,1,33
19,1,2,33
19,3,1,33
19,4,1,33
19,5,1,33
19,25,2,33
20,0,1,33
20,8,1,33
20,16,1,33
20,28,1,33
21,0,5,33
21,1,4,33
21,8,2,33
21,11,2,33
21,12,1,33
21,19,2,33
21,27,1,33
22,0,101,33
22,1,3,33
22,2,5,33
22,3,1,33
22,6,6,33
22,10,2,33
22,12,1,33
22,18,2,33
22,19,1,33
22,20,2,33
22,21,1,33
22,22,2,33
22,24,2,33
22,27,1,33
23,1,1,33
23,2,3,33
23,3,2,33
23,23,2,33
24,0,21,33
24,1,14,33
24,2,15,33
24,3,6,33
24,5,5,33
24,6,1,33
24,8,2,33
24,9,4,33
24,10,1,33
24,18,7,33
24,19,1,33
24,23,1,33
24,24,2,33
24,26,3,33
24,27,1,33
25,0,2,33
25,1,2,33
25,2,5,33
25,4,2,33
25,5,6,33
25,7,2,33
25,9,4,33
25,11,2,33
25,18,1,33
25,24,2,33
25,25,1,33
25,27,1,33
26,0,2,33
26,1,2,33
26,8,2,33
26,12,4,33
26,13,3,33
26,14,2,33
26,17,2,33
26,19,1,33
26,23,4,33
26,25,1,33
26,28,2,33
27,0,6,33
27,3,2,33
27,9,1,33
27,11,2,33
27,12,1,33
27,16,2,33
27,23,2,33
27,25,1,33
28,0,3,33
28,1,1,33
28,14,1,33
28,19,2,33
29,11,2,33
29,13,2,33
29,14,3,33
29,16,3,33
29,27,2,33
0,1,56,34
0,2,54,34
0,3,10,34
0,4,14,34
0,5,35,34
0,6,65,34
0,7,68,34
0,8,12,34
0,9,4,34
0,10,9,34
0,11,2,34
0,12,2,34
0,13,4,34
0,14,5,34
0,15,1,34
0,16,2,34
0,17,12,34
0,18,3,34
0,19,16,34
0,20,8,34
0,21,4,34
0,22,5,34
0,23,5,34
0,24,3,34
0,26,3,34
0,27,8,34
0,28,1,34
0,29,8,34
1,0,1,34
1,6,3,34
2,0,25,34
2,1,8,34
2,2,14,34
2,3,13,34
2,4,7,34
2,7,1,34
2,8,2,34
2,9,7,34
2,10,5,34
2,11,1,34
2,15,5,34
2,18,12,34
2,20,3,34
2,21,1,34
2,23,2,34
2,24,4,34
2,25,1,34
2,27,2,34
2,29,5,34
3,1,7,34
3,2,8,34
3,4,3,34
3,5,8,34
3,7,1,34
3,9,2,34
3,26,1,34
3,29,1,34
4,0,42,34
4,1,38,34
4,3,31,34
4,4,6,34
4,5,13,34
4,6,4,34
4,7,4,34
4,8,2,34
4,9,4,34
4,14,2,34
4,15,20,34
4,16,1,34
4,18,10,34
4,21,4,34
4,23,2,34
4,24,3,34
4,25,3,34
4,27,1,34
5,0,1,34
5,2,1,34
5,23,2,34
6,0,13,34
6,3,6,34
6,6,5,34
7,0,14,34
7,1,4,34
7,2,1,34
7,3,2,34
7,4,5,34
7,5,9,34
7,7,2,34
7,8,1,34
7,21,3,34
7,22,9,34
8,0,1,34
8,4,1,34
9,0,2,34
9,1,4,34
9,2,1,34
9,4,1,34
9,6,2,34
9,8,3,34
9,9,1,34
9,11,1,34
9,13,14,34
9,14,7,34
9,17,6,34
9,19,3,34
9,26,3,34
9,27,1,34
9,28,1,34
10,0,5,34
10,2,3,34
10,4,4,34
10,7,2,34
10,12,5,34
10,13,1,34
10,17,1,34
10,19,7,34
10,22,2,34
10,23,4,34
10,24,2,34
10,26,2,34
11,0,2,34
11,6,1,34
11,7,1,34
11,17,2,34
12,0,51,34
12,2,45,34
12,3,58,34
12,4,12,34
12,5,12,34
12,6,2,34
12,7,3,34
12,9,8,34
12,10,1,34
12,11,1,34
12,12,2,34
12,15,4,34
12,17,12,34
12,18,6,34
12,19,3,34
12,20,19,34
12,21,13,34
12,23,3,34
12,25,3,34
12,27,1,34
12,29,2,34
13,0,1,34
13,1,2,34
13,27,1,34
14,0,80,34
14,1,2,34
14,2,4,34
14,3,5,34
14,7,4,34
14,8,2,34
14,12,2,34
14,22,1,34
15,0,3,34
16,0,12,34
16,1,2,34
16,7,1,34
16,8,12,34
16,11,5,34
16,12,4,34
16,14,7,34
16,16,1,34
16,17,1,34
16,22,3,34
16,26,3,34
16,27,2,34
16,28,9,34
17,0,14,34
17,1,26,34
17,2,36,34
17,4,12,34
17,5,2,34
17,6,10,34
17,8,1,34
17,9,3,34
17,10,2,34
17,15,2,34
17,18,3,34
17,21,8,34
17,23,2,34
17,29,1,34
18,0,3,34
18,1,2,34
18,3,1,34
18,7,1,34
18,8,2,34
18,11,2,34
18,12,2,34
18,17,1,34
18,19,7,34
18,26,1,34
19,0,4,34
19,1,5,34
19,4,1,34
20,0,1,34
20,7,1,34
20,8,1,34
20,11,1,34
20,13,3,34
20,19,2,34
20,26,1,34
21,0,13,34
21,1,8,34
21,7,1,34
21,8,1,34
21,12,4,34
21,13,2,34
21,16,1,34
21,19,2,34
21,27,1,34
21,28,4,34
22,0,73,34
22,2,4,34
22,4,2,34
22,5,2,34
22,6,2,34
22,8,2,34
22,10,2,34
22,14,1,34
22,15,1,34
22,21,5,34
22,24,1,34
23,0,2,34
23,2,2,34
23,3,5,34
23,23,1,34
24,0,9,34
24,1,12,34
24,2,8,34
24,3,7,34
24,5,6,34
24,8,4,34
24,9,2,34
24,10,2,34
24,11,1,34
24,18,1,34
24,21,4,34
24,23,5,34
24,24,3,34
24,29,3,34
25,0,2,34
25,1,2,34
25,4,5,34
25,5,5,34
25,8,4,34
25,13,2,34
25,16,3,34
25,24,2,34
25,25,5,34
26,0,3,34
26,1,1,34
26,3,3,34
26,5,1,34
26,12,4,34
26,13,3,34
26,14,5,34
26,16,2,34
26,19,5,34
26,26,1,34
26,28,2,34
27,0,7,34
27,1,1,34
27,2,1,34
27,4,4,34
27,5,4,34
27,6,1,34
27,15,3,34
27,17,1,34
27,23,3,34
28,17,1,34
29,8,1,34
29,12,3,34
29,14,1,34
29,18,1,34
29,19,2,34
29,23,2,34
29,24,1,34
0,1,49,35
0,2,31,35
0,3,9,35
0,4,13,35
0,5,13,35
0,6,88,35
0,7,74,35
0,8,15,35
0,9,20,35
0,10,14,35
0,11,5,35
0,12,6,35
0,13,4,35
0,14,3,35
0,15,2,35
0,16,4,35
0,17,10,35
0,18,4,35
0,19,9,35
0,20,9,35
0,21,2,35
0,22,6,35
0,24,3,35
0,26,2,35
0,27,8,35
0,28,5,35
0,29,4,35
1,0,2,35
1,1,1,35
1,23,2,35
2,0,20,35
2,1,15,35
2,2,8,35
2,3,7,35
2,4,8,35
2,7,4,35
2,9,13,35
2,14,2,35
2,15,6,35
2,18,4,35
2,21,1,35
2,25,2,35
2,26,1,35
2,29,10,35
3,0,4,35
3,1,11,35
3,2,9,35
3,4,6,35
3,5,10,35
3,10,4,35
3,24,1,35
3,25,2,35
4,0,32,35
4,1,40,35
4,3,28,35
4,4,20,35
4,5,5,35
4,6,3,35
4,7,2,35
4,8,2,35
4,9,8,35
4,10,3,35
4,12,1,35
4,13,1,35
4,15,14,35
4,16,2,35
4,18,10,35
4,19,2,35
4,20,2,35
4,21,1,35
4,22,2,35
4,29,1,35
5,0,2,35
5,3,2,35
6,0,4,35
6,2,1,35
6,3,6,35
6,6,6,35
6,9,1,35
6,13,2,35
6,18,2,35
6,22,4,35
6,26,1,35
7,0,13,35
7,1,3,35
7,2,3,35
7,4,3,35
7,5,4,35
7,6,1,35
7,7,1,35
7,9,2,35
7,12,2,35
7,15,2,35
7,18,4,35
7,19,2,35
7,21,3,35
7,22,12,35
7,23,1,35
7,29,2,35
9,0,4,35
9,1,1,35
9,3,2,35
9,4,5,35
9,6,3,35
9,8,6,35
9,9,1,35
9,11,3,35
9,13,14,35
9,14,5,35
9,17,5,35
9,23,1,35
9,26,2,35
10,0,12,35
10,1,2,35
10,2,5,35
10,5,2,35
10,7,4,35
10,11,6,35
10,12,7,35
10,13,2,35
10,14,1,35
10,17,2,35
10,19,5,35
10,22,1,35
10,24,1,35
10,26,2,35
10,27,3,35
10,28,7,35
11,0,8,35
11,8,1,35
11,12,2,35
11,17,1,35
11,18,2,35
11,19,1,35
11,20,1,35
11,26,1,35
12,0,69,35
12,2,44,35
12,3,47,35
12,4,24,35
12,5,27,35
12,6,16,35
12,7,6,35
12,8,2,35
12,9,18,35
12,10,3,35
12,11,3,35
12,12,2,35
12,13,2,35
12,14,2,35
12,15,7,35
12,16,8,35
12,17,2,35
12,18,7,35
12,20,30,35
12,21,6,35
12,22,3,35
12,23,5,35
12,25,3,35
12,27,9,35
12,29,6,35
13,1,3,35
14,0,90,35
14,1,15,35
14,2,6,35
14,3,4,35
14,4,1,35
14,7,11,35
14,10,5,35
14,12,2,35
14,15,1,35
14,16,1,35
14,22,6,35
15,0,6,35
16,0,10,35
16,1,1,35
16,4,5,35
16,8,3,35
16,9,2,35
16,11,1,35
16,13,1,35
16,14,4,35
16,17,4,35
16,26,2,35
16,27,3,35
16,28,6,35
17,0,12,35
17,1,23,35
17,2,19,35
17,4,7,35
17,5,9,35
17,6,3,35
17,9,8,35
17,10,4,35
17,11,4,35
17,12,1,35
17,13,2,35
17,15,4,35
17,18,2,35
17,20,4,35
17,21,11,35
17,22,1,35
17,24,4,35
17,27,2,35
18,2,2,35
18,8,3,35
18,11,1,35
18,14,4,35
18,16,2,35
18,19,1,35
18,26,1,35
19,2,1,35
19,4,1,35
19,14,1,35
19,18,2,35
19,21,1,35
19,29,1,35
20,0,1,35
20,5,1,35
20,8,8,35
20,11,3,35
20,16,1,35
20,27,1,35
20,28,2,35
21,0,6,35
21,1,5,35
21,5,2,35
21,8,1,35
21,12,6,35
21,14,3,35
21,16,2,35
21,19,2,35
21,20,4,35
21,27,2,35
22,0,82,35
22,1,7,35
22,3,2,35
22,4,4,35
22,5,3,35
22,6,1,35
22,8,2,35
22,9,3,35
22,11,2,35
22,18,5,35
22,19,1,35
22,20,2,35
22,21,1,35
23,0,3,35
23,1,1,35
23,3,2,35
23,20,2,35
24,0,11,35
24,1,13,35
24,2,26,35
24,3,11,35
24,5,6,35
24,10,4,35
24,12,1,35
24,15,1,35
24,18,7,35
24,19,3,35
24,20,3,35
24,21,4,35
24,23,2,35
24,25,6,35
24,26,1,35
24,29,4,35
25,0,1,35
25,1,3,35
25,4,2,35
25,5,1,35
25,10,6,35
25,16,1,35
25,24,2,35
25,25,3,35
26,0,2,35
26,1,4,35
26,4,3,35
26,6,1,35
26,7,1,35
26,8,4,35
26,13,5,35
26,14,3,35
26,19,4,35
26,23,2,35
26,24,3,35
26,25,3,35
26,26,2,35
26,27,2,35
26,28,1,35
27,0,1,35
27,1,2,35
27,3,4,35
27,5,2,35
27,9,2,35
27,11,4,35
27,23,7,35
28,0,2,35
29,0,3,35
29,1,1,35
29,8,9,35
29,10,1,35
29,11,3,35
29,25,1,35
29,27,1,35
29,28,3,35
0,1,104,36
0,2,28,36
0,3,11,36
0,4,15,36
0,5,20,36
0,6,87,36
0,7,57,36
0,8,25,36
0,9,11,36
0,10,17,36
0,11,9,36
0,12,5,36
0,13,4,36
0,14,5,36
0,15,7,36
0,16,8,36
0,17,13,36
0,18,3,36
0,19,14,36
0,20,12,36
0,21,3,36
0,22,3,36
0,23,3,36
0,24,4,36
0,26,29,36
0,27,14,36
0,28,4,36
1,0,6,36
1,2,1,36
1,3,1,36
2,0,11,36
2,1,22,36
2,2,7,36
2,3,11,36
2,4,10,36
2,7,4,36
2,8,1,36
2,9,14,36
2,10,3,36
2,12,1,36
2,15,7,36
2,16,1,36
2,18,4,36
2,20,1,36
2,21,2,36
2,24,3,36
2,26,1,36
2,29,5,36
3,0,2,36
3,2,11,36
3,4,4,36
3,5,8,36
3,7,2,36
3,9,1,36
3,14,2,36
4,0,32,36
4,1,27,36
4,3,8,36
4,4,19,36
4,5,9,36
4,6,3,36
4,7,1,36
4,8,7,36
4,9,7,36
4,10,2,36
4,14,1,36
4,15,9,36
4,18,7,36
4,20,1,36
4,21,2,36
4,24,1,36
4,27,2,36
4,28,2,36
4,29,1,36
5,0,4,36
5,3,3,36
6,0,10,36
6,1,1,36
6,3,4,36
6,6,1,36
6,10,1,36
6,12,1,36
6,13,3,36
6,18,1,36
6,22,5,36
7,0,17,36
7,3,7,36
7,5,1,36
7,6,4,36
7,7,1,36
7,21,5,36
7,22,18,36
7,24,1,36
8,1,2,36
8,3,1,36
8,4,6,36
9,0,5,36
9,1,3,36
9,5,1,36
9,8,1,36
9,11,1,36
9,13,18,36
9,14,1,36
9,15,1,36
9,16,1,36
9,26,1,36
9,28,3,36
9,29,1,36
10,0,17,36
10,1,4,36
10,2,2,36
10,3,1,36
10,4,3,36
10,5,5,36
10,9,2,36
10,11,7,36
10,12,1,36
10,13,3,36
10,17,5,36
10,19,1,36
10,24,2,36
10,26,8,36
10,28,4,36
11,0,6,36
11,1,1,36
11,2,1,36
11,4,1,36
11,7,2,36
11,15,2,36
11,16,1,36
12,0,90,36
12,2,36,36
12,3,49,36
12,4,13,36
12,5,20,36
12,6,4,36
12,7,5,36
12,8,2,36
12,9,27,36
12,10,2,36
12,11,5,36
12,12,7,36
12,14,3,36
12,15,8,36
12,16,5,36
12,17,4,36
12,18,4,36
12,19,1,36
12,20,26,36
12,21,9,36
12,23,1,36
12,24,5,36
12,27,2,36
12,29,4,36
13,0,5,36
13,1,4,36
14,0,81,36
14,1,4,36
14,2,7,36
14,3,4,36
14,7,3,36
14,22,1,36
14,23,2,36
14,27,1,36
15,0,2,36
15,4,1,36
15,6,1,36
15,24,1,36
16,0,18,36
16,2,1,36
16,3,2,36
16,7,1,36
16,8,2,36
16,11,11,36
16,13,10,36
16,14,2,36
16,16,3,36
16,17,7,36
16,28,3,36
17,0,20,36
17,1,31,36
17,2,6,36
17,4,12,36
17,5,7,36
17,6,2,36
17,7,2,36
17,9,4,36
17,10,3,36
17,13,4,36
17,15,1,36
17,16,2,36
17,21,9,36
17,27,4,36
18,0,2,36
18,7,1,36
18,8,5,36
18,11,5,36
18,13,2,36
18,14,1,36
18,19,3,36
18,26,3,36
19,0,2,36
19,1,2,36
20,8,13,36
20,10,2,36
20,11,1,36
20,19,1,36
21,0,10,36
21,1,1,36
21,2,3,36
21,5,1,36
21,6,1,36
21,8,1,36
21,12,5,36
21,13,3,36
21,14,4,36
21,16,2,36
21,19,2,36
21,26,1,36
21,28,3,36
22,0,91,36
22,1,9,36
22,2,1,36
22,3,2,36
22,4,1,36
22,5,5,36
22,6,4,36
22,8,1,36
22,9,5,36
22,15,2,36
22,17,1,36
22,21,1,36
22,23,1,36
22,26,2,36
23,2,1,36
23,3,2,36
23,5,3,36
23,9,2,36
23,18,2,36
24,0,11,36
24,1,13,36
24,2,19,36
24,3,5,36
24,5,2,36
24,7,1,36
24,8,3,36
24,9,5,36
24,15,1,36
24,16,5,36
24,18,2,36
24,21,3,36
24,22,1,36
24,24,1,36
25,0,3,36
25,1,1,36
25,2,2,36
25,5,2,36
25,9,2,36
25,11,1,36
25,16,1,36
25,24,2,36
26,0,6,36
26,1,4,36
26,5,1,36
26,8,9,36
26,13,2,36
26,14,9,36
26,19,9,36
26,22,1,36
26,25,1,36
26,26,1,36
26,28,4,36
27,0,6,36
27,1,4,36
27,2,1,36
27,3,1,36
27,4,1,36
27,5,5,36
27,7,2,36
27,8,2,36
27,15,3,36
27,18,1,36
27,23,1,36
27,25,2,36
28,0,1,36
28,5,1,36
28,13,1,36
28,17,3,36
29,0,18,36
29,1,1,36
29,7,2,36
29,8,2,36
29,11,1,36
29,12,3,36
29,13,2,36
29,14,1,36
29,28,7,36
0,1,46,37
0,2,35,37
0,3,9,37
0,4,24,37
0,5,13,37
0,6,79,37
0,7,71,37
0,8,13,37
0,9,5,37
0,10,12,37
0,11,4,37
0,12,4,37
0,13,3,37
0,14,5,37
0,16,6,37
0,17,19,37
0,18,3,37
0,19,14,37
0,20,11,37
0,23,3,37
0,24,1,37
0,25,2,37
0,26,20,37
0,27,8,37
0,28,6,37
0,29,5,37
1,0,12,37
1,6,1,37
2,0,12,37
2,1,9,37
2,2,9,37
2,3,3,37
2,8,3,37
2,9,11,37
2,11,1,37
2,15,5,37
2,18,4,37
2,20,3,37
2,28,1,37
2,29,6,37
3,1,6,37
3,2,7,37
3,3,2,37
3,4,4,37
3,5,2,37
3,12,1,37
3,14,1,37
3,20,2,37
3,21,3,37
3,29,2,37
4,0,29,37
4,1,24,37
4,3,12,37
4,4,5,37
4,5,8,37
4,6,2,37
4,7,1,37
4,8,2,37
4,9,5,37
4,10,1,37
4,12,1,37
4,15,5,37
4,16,2,37
4,18,8,37
4,19,4,37
4,20,2,37
4,21,2,37
4,29,2,37
5,0,4,37
5,2,1,37
5,3,3,37
5,6,1,37
6,0,14,37
6,3,1,37
6,5,1,37
6,10,1,37
7,0,20,37
7,1,2,37
7,2,2,37
7,3,1,37
7,4,6,37
7,6,3,37
7,7,1,37
7,8,2,37
7,15,1,37
7,19,1,37
7,21,3,37
7,22,8,37
7,26,1,37
7,27,1,37
8,1,1,37
8,27,1,37
9,0,1,37
9,3,1,37
9,4,3,37
9,5,1,37
9,8,10,37
9,11,7,37
9,13,8,37
9,14,19,37
9,17,2,37
9,19,1,37
9,27,3,37
10,0,13,37
10,1,2,37
10,2,5,37
10,5,3,37
10,7,2,37
10,10,2,37
10,11,9,37
10,12,7,37
10,13,2,37
10,17,1,37
10,19,7,37
10,21,1,37
10,24,2,37
10,26,4,37
10,28,1,37
11,0,5,37
11,1,2,37
11,9,1,37
11,15,1,37
11,17,1,37
11,27,6,37
12,0,41,37
12,2,28,37
12,3,39,37
12,4,19,37
12,5,17,37
12,6,1,37
12,7,4,37
12,8,2,37
12,9,11,37
12,10,4,37
12,11,3,37
12,12,2,37
12,13,2,37
12,14,2,37
12,15,5,37
12,16,5,37
12,17,3,37
12,18,7,37
12,20,13,37
12,21,5,37
12,22,3,37
12,23,5,37
12,24,6,37
12,25,3,37
12,26,4,37
12,27,1,37
12,28,2,37
13,0,5,37
13,1,2,37
13,16,2,37
13,26,1,37
14,0,64,37
14,1,2,37
14,2,4,37
14,4,2,37
14,7,5,37
14,9,2,37
14,10,5,37
14,11,2,37
14,14,3,37
14,16,1,37
14,19,1,37
14,20,1,37
14,22,3,37
14,23,1,37
15,0,2,37
15,2,1,37
16,0,11,37
16,1,5,37
16,2,3,37
16,8,13,37
16,10,1,37
16,11,6,37
16,12,6,37
16,13,2,37
16,14,18,37
16,16,1,37
16,17,2,37
16,28,2,37
17,0,16,37
17,1,26,37
17,2,11,37
17,4,10,37
17,5,10,37
17,7,3,37
17,9,5,37
17,12,1,37
17,14,1,37
17,15,5,37
17,18,2,37
17,19,3,37
17,20,5,37
17,21,6,37
17,22,9,37
17,24,2,37
17,26,2,37
17,29,2,37
18,0,2,37
18,1,1,37
18,8,10,37
18,13,2,37
18,14,2,37
18,16,1,37
18,17,2,37
18,19,2,37
18,26,2,37
18,27,1,37
18,29,1,37
19,1,3,37
19,9,2,37
19,21,1,37
20,8,6,37
20,11,3,37
20,12,1,37
20,19,9,37
20,24,1,37
21,0,22,37
21,1,2,37
21,3,1,37
21,6,3,37
21,7,1,37
21,8,4,37
21,13,3,37
21,14,4,37
21,16,2,37
21,19,3,37
21,27,1,37
21,28,3,37
22,0,73,37
22,1,6,37
22,2,5,37
22,3,1,37
22,4,2,37
22,6,8,37
22,8,3,37
22,9,1,37
22,10,2,37
22,11,1,37
22,23,1,37
22,24,2,37
22,27,4,37
23,0,1,37
23,1,2,37
23,3,4,37
23,5,2,37
23,16,2,37
23,21,1,37
24,0,15,37
24,1,10,37
24,2,3,37
24,3,12,37
24,5,3,37
24,7,2,37
24,8,1,37
24,9,2,37
24,10,3,37
24,13,1,37
24,15,3,37
24,18,6,37
24,19,1,37
24,20,3,37
24,24,3,37
24,27,1,37
24,29,2,37
25,0,3,37
25,1,2,37
25,3,3,37
25,4,2,37
25,5,4,37
25,6,3,37
25,7,1,37
25,9,1,37
25,12,1,37
25,16,3,37
25,28,1,37
26,0,1,37
26,1,2,37
26,6,2,37
26,8,8,37
26,12,5,37
26,13,11,37
26,14,8,37
26,15,2,37
26,16,1,37
26,17,4,37
26,23,1,37
26,24,4,37
26,26,1,37
26,27,1,37
27,0,1,37
27,1,4,37
27,2,2,37
27,4,3,37
27,9,3,37
27,10,1,37
27,11,2,37
27,14,1,37
27,15,2,37
27,19,1,37
27,21,2,37
27,26,4,37
27,29,1,37
28,0,1,37
28,16,1,37
28,17,2,37
29,0,15,37
29,1,2,37
29,2,1,37
29,7,1,37
29,8,3,37
29,10,1,37
29,11,1,37
29,13,4,37
29,14,4,37
29,19,2,37
29,24,2,37
29,28,2,37
0,1,45,38
0,2,18,38
0,3,15,38
0,4,27,38
0,5,22,38
0,6,88,38
0,7,76,38
0,8,21,38
0,9,5,38
0,10,27,38
0,11,8,38
0,12,6,38
0,13,2,38
0,14,7,38
0,15,5,38
0,16,12,38
0,17,16,38
0,18,7,38
0,19,14,38
0,20,2,38
0,21,1,38
0,22,8,38
0,24,1,38
0,25,8,38
0,26,5,38
0,27,13,38
0,29,5,38
1,2,1,38
1,3,1,38
1,4,1,38
1,6,3,38
1,22,2,38
2,0,10,38
2,1,20,38
2,2,7,38
2,3,9,38
2,4,11,38
2,6,2,38
2,7,3,38
2,8,1,38
2,9,6,38
2,11,3,38
2,15,14,38
2,16,2,38
2,17,1,38
2,18,12,38
2,20,6,38
2,21,1,38
2,24,1,38
2,26,3,38
2,29,14,38
3,0,9,38
3,1,1,38
3,2,12,38
3,3,7,38
3,4,8,38
3,5,6,38
3,7,16,38
3,8,9,38
3,9,1,38
3,15,3,38
3,20,1,38
3,25,2,38
3,29,2,38
4,0,8,38
4,1,33,38
4,3,7,38
4,4,12,38
4,5,7,38
4,6,5,38
4,9,12,38
4,13,1,38
4,14,2,38
4,15,8,38
4,17,5,38
4,18,22,38
4,19,1,38
4,21,2,38
4,22,2,38
4,23,2,38
4,24,4,38
4,25,2,38
4,27,1,38
4,28,1,38
4,29,4,38
5,3,3,38
5,6,1,38
5,22,1,38
6,0,15,38
6,6,2,38
6,9,1,38
6,13,1,38
6,18,3,38
6,22,8,38
7,0,24,38
7,1,5,38
7,2,3,38
7,3,6,38
7,4,5,38
7,5,3,38
7,7,2,38
7,9,1,38
7,14,1,38
7,16,1,38
7,21,7,38
7,22,10,38
7,23,3,38
8,1,1,38
9,0,6,38
9,1,2,38
9,4,2,38
9,5,2,38
9,8,4,38
9,11,3,38
9,13,7,38
9,14,2,38
9,17,6,38
9,19,3,38
9,25,2,38
9,28,2,38
10,0,15,38
10,2,1,38
10,3,1,38
10,4,2,38
10,9,2,38
10,11,11,38
10,12,5,38
10,13,4,38
10,14,5,38
10,16,1,38
10,17,3,38
10,18,8,38
10,26,4,38
10,28,7,38
11,0,8,38
11,4,1,38
11,6,1,38
11,16,2,38
12,0,64,38
12,2,38,38
12,3,31,38
12,4,15,38
12,5,15,38
12,6,5,38
12,7,6,38
12,8,1,38
12,9,21,38
12,10,2,38
12,11,1,38
12,12,3,38
12,13,3,38
12,14,2,38
12,15,11,38
12,16,3,38
12,17,12,38
12,18,4,38
12,19,2,38
12,20,27,38
12,21,10,38
12,23,4,38
12,24,3,38
12,25,7,38
12,26,5,38
12,27,12,38
12,29,5,38
13,0,3,38
13,1,1,38
13,26,1,38
14,0,78,38
14,1,2,38
14,2,4,38
14,3,4,38
14,4,2,38
14,7,4,38
14,8,2,38
14,9,3,38
14,10,1,38
14,14,1,38
14,18,3,38
14,21,1,38
14,22,1,38
15,0,3,38
15,6,1,38
16,0,10,38
16,1,2,38
16,2,1,38
16,3,1,38
16,4,2,38
16,8,8,38
16,11,16,38
16,12,3,38
16,14,9,38
16,16,2,38
16,17,2,38
16,26,4,38
16,28,2,38
17,0,15,38
17,1,23,38
17,2,12,38
17,4,12,38
17,5,8,38
17,6,2,38
17,7,2,38
17,8,1,38
17,9,2,38
17,10,5,38
17,15,2,38
17,16,3,38
17,17,1,38
17,18,4,38
17,20,1,38
17,21,11,38
17,22,2,38
17,23,2,38
17,27,2,38
18,5,1,38
18,8,6,38
18,11,2,38
18,13,1,38
18,14,1,38
18,19,2,38
18,26,5,38
19,7,4,38
20,5,1,38
20,8,11,38
20,11,1,38
20,14,2,38
21,0,9,38
21,1,7,38
21,4,1,38
21,5,1,38
21,6,2,38
21,8,3,38
21,12,6,38
21,14,2,38
21,16,1,38
21,19,1,38
22,0,81,38
22,1,6,38
22,2,7,38
22,3,3,38
22,4,9,38
22,5,1,38
22,6,9,38
22,8,4,38
22,10,1,38
22,11,4,38
22,14,2,38
22,16,4,38
22,17,4,38
22,18,12,38
22,22,4,38
22,27,3,38
23,2,1,38
23,10,2,38
24,0,25,38
24,1,17,38
24,2,20,38
24,3,13,38
24,5,9,38
24,7,16,38
24,8,5,38
24,9,3,38
24,10,3,38
24,16,2,38
24,18,7,38
24,19,1,38
24,20,1,38
24,21,3,38
24,22,1,38
24,25,3,38
24,26,2,38
24,29,2,38
25,0,3,38
25,2,2,38
25,5,4,38
25,26,5,38
26,0,1,38
26,1,2,38
26,2,4,38
26,5,2,38
26,6,1,38
26,8,11,38
26,10,1,38
26,12,3,38
26,13,11,38
26,19,11,38
26,24,2,38
26,27,2,38
26,28,1,38
27,0,1,38
27,1,9,38
27,2,3,38
27,4,6,38
27,5,6,38
27,9,1,38
27,11,4,38
27,16,1,38
27,26,1,38
28,0,5,38
28,1,2,38
28,2,4,38
28,4,12,38
28,7,12,38
28,9,4,38
28,11,1,38
28,13,4,38
28,17,5,38
29,0,7,38
29,1,5,38
29,5,4,38
29,8,4,38
29,14,6,38
29,19,5,38
29,24,1,38
29,28,10,38
0,1,42,39
0,2,22,39
0,3,6,39
0,4,10,39
0,5,19,39
0,6,76,39
0,7,64,39
0,8,13,39
0,9,10,39
0,10,12,39
0,11,3,39
0,12,7,39
0,14,1,39
0,15,3,39
0,16,6,39
0,17,5,39
0,18,5,39
0,19,11,39
0,20,5,39
0,21,1,39
0,22,3,39
0,23,1,39
0,24,4,39
0,25,1,39
0,26,10,39
0,27,3,39
0,28,3,39
0,29,1,39
1,0,2,39
1,6,1,39
2,0,6,39
2,1,13,39
2,2,18,39
2,3,5,39
2,4,10,39
2,7,2,39
2,9,9,39
2,15,3,39
2,18,10,39
2,20,3,39
2,24,5,39
2,29,4,39
3,0,6,39
3,1,2,39
3,2,3,39
3,4,6,39
3,5,8,39
3,15,2,39
3,19,1,39
3,20,1,39
3,27,2,39
3,29,6,39
4,0,11,39
4,1,11,39
4,3,15,39
4,4,6,39
4,5,16,39
4,8,2,39
4,9,5,39
4,10,4,39
4,11,1,39
4,15,7,39
4,16,2,39
4,18,6,39
4,20,5,39
4,21,4,39
4,23,1,39
4,24,1,39
5,2,2,39
5,6,1,39
5,12,1,39
6,0,6,39
6,1,1,39
6,6,1,39
6,10,5,39
7,0,36,39
7,1,5,39
7,2,3,39
7,3,4,39
7,4,6,39
7,5,4,39
7,6,3,39
7,15,3,39
7,21,5,39
7,22,9,39
7,24,4,39
9,0,7,39
9,9,1,39
9,11,1,39
9,13,8,39
9,14,6,39
9,17,3,39
9,19,3,39
10,0,20,39
10,1,4,39
10,3,3,39
10,6,4,39
10,11,7,39
10,13,1,39
10,14,6,39
10,17,1,39
10,19,11,39
10,25,1,39
10,26,1,39
10,28,6,39
11,0,7,39
11,2,3,39
11,5,1,39
11,9,10,39
11,26,3,39
12,0,43,39
12,2,18,39
12,3,31,39
12,4,19,39
12,5,17,39
12,7,6,39
12,8,2,39
12,9,10,39
12,10,5,39
12,11,1,39
12,12,2,39
12,13,1,39
12,14,1,39
12,15,6,39
12,16,10,39
12,17,10,39
12,18,3,39
12,19,1,39
12,20,19,39
12,21,4,39
12,22,2,39
12,25,6,39
12,27,9,39
12,28,1,39
12,29,8,39
13,0,2,39
13,1,2,39
14,0,73,39
14,3,1,39
14,7,3,39
14,8,2,39
15,0,10,39
15,25,1,39
16,0,9,39
16,2,2,39
16,3,4,39
16,8,10,39
16,11,3,39
16,12,3,39
16,13,1,39
16,14,6,39
16,17,3,39
16,28,12,39
17,0,9,39
17,1,17,39
17,2,10,39
17,4,8,39
17,5,8,39
17,6,4,39
17,9,3,39
17,10,6,39
17,16,2,39
17,18,1,39
17,21,9,39
17,22,1,39
17,28,4,39
18,0,3,39
18,2,2,39
18,8,6,39
18,11,2,39
18,12,4,39
18,14,2,39
18,19,10,39
18,26,9,39
19,2,2,39
20,0,2,39
20,8,8,39
20,11,4,39
20,19,2,39
20,27,1,39
20,28,5,39
21,0,11,39
21,1,19,39
21,4,4,39
21,5,2,39
21,11,5,39
21,12,4,39
21,13,1,39
21,14,2,39
21,16,1,39
21,19,1,39
22,0,65,39
22,1,9,39
22,2,2,39
22,3,1,39
22,4,1,39
22,5,1,39
22,6,3,39
22,10,1,39
22,17,4,39
22,19,4,39
22,21,2,39
22,27,2,39
23,2,1,39
23,3,2,39
23,4,1,39
23,15,1,39
23,21,6,39
24,0,10,39
24,1,13,39
24,2,6,39
24,3,2,39
24,5,5,39
24,6,1,39
24,7,1,39
24,9,1,39
24,10,3,39
24,17,2,39
24,18,5,39
24,20,1,39
24,23,1,39
24,29,6,39
25,1,2,39
25,2,4,39
25,3,2,39
25,4,2,39
25,5,4,39
25,7,1,39
25,25,4,39
25,27,2,39
26,0,5,39
26,4,4,39
26,5,1,39
26,8,10,39
26,10,1,39
26,13,3,39
26,14,2,39
26,15,2,39
26,16,2,39
26,17,2,39
26,19,1,39
26,25,1,39
26,26,1,39
26,28,4,39
26,29,2,39
27,0,2,39
27,1,2,39
27,2,2,39
27,3,2,39
27,4,1,39
27,5,4,39
27,10,4,39
27,12,1,39
27,15,3,39
27,16,2,39
27,21,3,39
27,26,2,39
27,27,3,39
28,1,4,39
28,14,2,39
28,17,3,39
28,28,1,39
29,0,6,39
29,8,3,39
29,9,1,39
29,11,1,39
29,17,3,39
29,24,2,39
29,28,8,39
0,1,37,40
0,2,12,40
0,3,15,40
0,4,21,40
0,5,18,40
0,6,91,40
0,7,71,40
0,8,30,40
0,9,11,40
0,10,20,40
0,11,3,40
0,12,5,40
0,13,3,40
0,14,5,40
0,15,1,40
0,16,1,40
0,17,11,40
0,18,2,40
0,19,9,40
0,20,4,40
0,21,1,40
0,22,11,40
0,24,1,40
0,27,9,40
0,29,3,40
1,0,2,40
1,6,2,40
1,22,2,40
2,0,17,40
2,1,14,40
2,2,15,40
2,3,5,40
2,4,1,40
2,6,1,40
2,9,13,40
2,15,2,40
2,18,8,40
2,19,2,40
2,20,3,40
2,23,5,40
2,29,6,40
3,1,6,40
3,2,13,40
3,3,2,40
3,4,6,40
3,5,3,40
3,6,1,40
3,7,1,40
3,19,2,40
4,0,12,40
4,1,35,40
4,3,7,40
4,4,7,40
4,5,12,40
4,7,2,40
4,9,2,40
4,14,3,40
4,15,13,40
4,16,2,40
4,18,13,40
4,20,8,40
4,21,3,40
4,25,2,40
4,26,1,40
4,27,1,40
5,0,5,40
5,2,1,40
6,0,5,40
6,22,3,40
7,0,33,40
7,1,9,40
7,3,4,40
7,4,1,40
7,6,2,40
7,8,1,40
7,15,2,40
7,21,3,40
7,22,13,40
7,24,1,40
8,2,2,40
9,0,5,40
9,1,2,40
9,3,1,40
9,4,1,40
9,8,2,40
9,11,3,40
9,13,3,40
9,14,5,40
9,19,2,40
9,23,3,40
9,24,1,40
9,26,1,40
9,28,2,40
10,0,27,40
10,2,2,40
10,4,6,40
10,7,1,40
10,10,1,40
10,11,10,40
10,12,2,40
10,13,2,40
10,14,3,40
10,16,2,40
10,17,1,40
10,19,2,40
10,26,5,40
10,28,4,40
11,0,24,40
11,1,2,40
11,11,1,40
12,0,29,40
12,2,36,40
12,3,33,40
12,4,10,40
12,5,17,40
12,7,3,40
12,9,24,40
12,10,3,40
12,13,4,40
12,14,1,40
12,15,9,40
12,16,7,40
12,17,5,40
12,18,2,40
12,20,12,40
12,21,8,40
12,22,1,40
12,23,3,40
12,24,2,40
12,25,5,40
12,27,5,40
13,0,2,40
13,9,2,40
13,13,2,40
14,0,56,40
14,3,2,40
14,7,2,40
14,8,1,40
14,10,7,40
14,17,1,40
14,18,2,40
14,22,3,40
14,25,2,40
14,27,2,40
15,0,5,40
15,3,3,40
15,4,2,40
15,7,1,40
16,0,4,40
16,1,1,40
16,3,1,40
16,8,3,40
16,11,3,40
16,13,1,40
16,14,3,40
16,17,2,40
16,26,2,40
16,27,1,40
16,28,6,40
17,0,8,40
17,1,14,40
17,2,10,40
17,4,22,40
17,5,3,40
17,6,4,40
17,9,1,40
17,10,2,40
17,12,1,40
17,15,5,40
17,16,3,40
17,18,3,40
17,19,1,40
17,20,5,40
17,21,5,40
17,22,1,40
17,24,1,40
17,27,1,40
17,29,1,40
18,4,1,40
18,8,1,40
18,12,1,40
18,13,2,40
18,16,2,40
18,18,2,40
18,19,5,40
18,25,1,40
18,26,2,40
18,27,1,40
20,0,1,40
20,5,2,40
20,8,6,40
20,11,2,40
20,13,1,40
20,19,2,40
21,0,15,40
21,1,5,40
21,3,1,40
21,6,1,40
21,7,1,40
21,8,3,40
21,11,1,40
21,13,1,40
21,14,3,40
21,19,2,40
22,0,74,40
22,1,3,40
22,2,3,40
22,6,2,40
22,8,3,40
22,17,1,40
22,18,1,40
22,23,1,40
22,27,1,40
23,3,1,40
23,4,2,40
23,5,1,40
23,6,2,40
23,21,2,40
23,23,2,40
24,0,17,40
24,1,2,40
24,2,9,40
24,3,13,40
24,5,4,40
24,8,4,40
24,9,2,40
24,14,4,40
24,15,1,40
24,17,1,40
24,18,2,40
24,21,1,40
24,22,4,40
24,24,1,40
24,27,1,40
24,28,2,40
24,29,3,40
25,0,3,40
25,2,1,40
25,3,2,40
25,4,1,40
25,5,5,40
25,12,3,40
25,13,2,40
25,25,1,40
25,26,3,40
26,0,2,40
26,6,2,40
26,8,14,40
26,10,1,40
26,12,3,40
26,13,8,40
26,14,1,40
26,17,1,40
26,26,1,40
26,27,1,40
26,29,2,40
27,1,1,40
27,3,1,40
27,6,1,40
27,12,1,40
27,26,1,40
28,0,5,40
28,1,2,40
28,6,1,40
28,7,1,40
28,14,4,40
28,17,8,40
29,0,1,40
29,5,1,40
29,8,5,40
29,11,2,40
29,12,1,40
29,13,1,40
29,14,3,40
29,19,2,40
29,23,3,40
29,24,1,40
0,1,54,41
0,2,17,41
0,3,21,41
0,4,21,41
0,5,15,41
0,6,57,41
0,7,60,41
0,8,23,41
0,10,6,41
0,11,1,41
0,14,3,41
0,15,1,41
0,16,2,41
0,17,7,41
0,18,3,41
0,19,4,41
0,20,5,41
0,21,1,41
0,22,2,41
0,23,3,41
0,25,3,41
0,26,3,41
0,27,5,41
0,28,5,41
0,29,3,41
1,0,4,41
2,0,18,41
2,1,11,41
2,2,3,41
2,3,2,41
2,4,4,41
2,6,2,41
2,9,4,41
2,11,1,41
2,14,4,41
2,18,7,41
2,20,1,41
2,23,2,41
2,29,8,41
3,0,1,41
3,1,3,41
3,2,5,41
3,3,1,41
3,4,2,41
3,5,4,41
3,15,3,41
3,19,2,41
3,23,2,41
4,0,10,41
4,1,15,41
4,3,7,41
4,4,5,41
4,5,3,41
4,6,6,41
4,7,1,41
4,8,1,41
4,9,5,41
4,10,3,41
4,11,2,41
4,16,1,41
4,18,4,41
4,21,2,41
4,27,2,41
5,0,4,41
5,6,3,41
6,0,5,41
6,3,1,41
6,5,2,41
6,6,3,41
6,10,1,41
6,22,2,41
7,0,11,41
7,1,3,41
7,6,1,41
7,21,1,41
7,22,8,41
7,27,1,41
9,0,1,41
9,1,2,41
9,4,1,41
9,8,2,41
9,11,3,41
9,13,8,41
9,14,1,41
9,24,3,41
10,0,20,41
10,1,2,41
10,4,1,41
10,5,1,41
10,11,3,41
10,12,2,41
10,13,1,41
10,16,1,41
10,17,1,41
10,18,1,41
10,20,1,41
10,26,2,41
10,28,4,41
11,1,2,41
11,12,1,41
11,16,4,41
11,24,2,41
12,0,35,41
12,2,25,41
12,3,20,41
12,4,8,41
12,5,12,41
12,6,6,41
12,7,7,41
12,8,1,41
12,9,8,41
12,10,3,41
12,12,3,41
12,13,1,41
12,14,3,41
12,16,3,41
12,17,2,41
12,18,1,41
12,19,1,41
12,20,10,41
12,21,7,41
12,23,1,41
12,25,1,41
12,27,2,41
13,0,1,41
14,0,68,41
14,2,6,41
14,3,2,41
14,10,1,41
15,0,4,41
15,6,1,41
15,22,1,41
16,0,2,41
16,3,3,41
16,4,1,41
16,7,1,41
16,8,2,41
16,13,1,41
16,14,6,41
16,16,2,41
16,17,1,41
16,18,2,41
16,22,1,41
16,26,1,41
17,0,14,41
17,1,17,41
17,2,7,41
17,4,8,41
17,5,4,41
17,6,3,41
17,8,3,41
17,9,1,41
17,14,2,41
17,15,6,41
17,18,2,41
17,19,2,41
17,21,3,41
17,22,1,41
17,25,1,41
17,27,1,41
18,0,1,41
18,2,2,41
18,8,7,41
18,11,1,41
18,13,6,41
18,26,1,41
19,1,2,41
19,4,1,41
20,0,2,41
20,8,2,41
20,14,2,41
20,26,1,41
21,0,6,41
21,1,2,41
21,2,3,41
21,12,1,41
21,14,1,41
21,16,1,41
21,19,2,41
22,0,47,41
22,1,6,41
22,2,3,41
22,6,5,41
22,8,1,41
22,9,1,41
22,13,3,41
22,27,1,41
23,0,2,41
24,0,6,41
24,1,4,41
24,2,12,41
24,3,2,41
24,5,4,41
24,6,3,41
24,9,5,41
24,18,2,41
24,19,1,41
24,21,1,41
25,0,2,41
25,1,4,41
25,3,1,41
25,5,3,41
25,8,1,41
25,9,2,41
25,24,3,41
26,1,1,41
26,8,2,41
26,12,2,41
26,13,5,41
26,14,1,41
26,26,2,41
26,27,1,41
26,28,2,41
27,0,2,41
27,1,1,41
27,3,2,41
27,5,1,41
27,8,3,41
27,23,1,41
28,0,2,41
28,1,1,41
28,12,4,41
28,14,3,41
28,17,5,41
29,0,1,41
29,8,1,41
29,18,2,41
29,19,3,41
29,28,1,41
0,1,30,42
0,2,17,42
0,3,7,42
0,4,9,42
0,5,9,42
0,6,29,42
0,7,25,42
0,8,12,42
0,9,1,42
0,10,2,42
0,11,4,42
0,15,6,42
0,16,2,42
0,17,6,42
0,18,3,42
0,19,4,42
0,20,1,42
0,21,3,42
0,22,16,42
0,24,2,42
0,25,1,42
0,26,1,42
0,27,10,42
0,28,1,42
1,0,4,42
1,6,1,42
1,7,1,42
1,9,2,42
2,0,7,42
2,1,4,42
2,2,3,42
2,4,2,42
2,8,2,42
2,9,2,42
2,10,1,42
2,15,1,42
2,16,2,42
2,29,5,42
3,1,1,42
3,2,1,42
3,4,2,42
3,5,3,42
3,16,2,42
3,22,1,42
4,0,20,42
4,1,16,42
4,3,7,42
4,4,4,42
4,7,2,42
4,8,1,42
4,9,4,42
4,10,10,42
4,11,3,42
4,15,17,42
4,16,3,42
4,17,1,42
4,18,5,42
4,20,1,42
4,21,2,42
4,27,2,42
4,29,1,42
5,3,1,42
5,7,3,42
6,0,3,42
6,3,1,42
6,10,2,42
6,22,2,42
7,0,6,42
7,2,9,42
7,3,2,42
7,4,4,42
7,6,3,42
7,8,1,42
7,11,3,42
7,15,2,42
7,21,4,42
7,22,8,42
7,26,3,42
8,4,3,42
8,29,1,42
9,0,3,42
9,1,2,42
9,8,5,42
9,13,6,42
9,14,2,42
9,15,2,42
9,16,1,42
9,19,2,42
9,24,1,42
9,27,1,42
9,28,2,42
10,0,6,42
10,1,1,42
10,2,1,42
10,4,1,42
10,6,3,42
10,7,3,42
10,11,15,42
10,13,2,42
10,15,1,42
10,19,6,42
10,25,1,42
10,26,1,42
10,27,3,42
11,1,3,42
11,2,2,42
11,6,2,42
11,9,2,42
12,0,20,42
12,2,24,42
12,3,29,42
12,4,7,42
12,5,6,42
12,7,6,42
12,8,2,42
12,9,2,42
12,12,2,42
12,15,6,42
12,16,7,42
12,17,2,42
12,20,8,42
12,21,4,42
12,22,3,42
12,23,5,42
12,24,2,42
12,25,4,42
12,27,4,42
12,29,2,42
13,16,1,42
14,0,37,42
14,1,2,42
14,2,2,42
14,3,3,42
14,7,1,42
14,8,2,42
14,9,1,42
15,0,2,42
16,0,9,42
16,2,1,42
16,8,7,42
16,11,2,42
16,12,2,42
16,14,3,42
16,27,2,42
17,0,8,42
17,1,16,42
17,2,8,42
17,4,8,42
17,5,1,42
17,9,2,42
17,13,1,42
17,15,1,42
17,18,2,42
17,20,1,42
17,21,4,42
17,22,2,42
18,7,2,42
18,11,5,42
19,6,2,42
19,20,1,42
20,8,1,42
20,11,1,42
21,0,6,42
21,4,1,42
21,11,1,42
21,12,1,42
21,14,1,42
21,19,2,42
21,28,3,42
22,0,47,42
22,1,6,42
22,5,2,42
22,6,1,42
22,8,3,42
22,16,1,42
22,22,2,42
22,23,2,42
22,24,2,42
22,27,2,42
23,5,1,42
23,21,1,42
24,0,12,42
24,1,9,42
24,2,4,42
24,3,2,42
24,5,3,42
24,9,1,42
24,10,3,42
24,11,1,42
24,15,2,42
24,16,4,42
24,18,4,42
24,27,1,42
24,29,1,42
25,0,3,42
25,2,3,42
25,5,2,42
25,10,2,42
26,0,6,42
26,1,2,42
26,2,2,42
26,8,15,42
26,10,5,42
26,13,6,42
26,16,3,42
26,26,2,42
26,27,2,42
26,28,5,42
27,3,2,42
27,7,2,42
27,9,2,42
27,11,1,42
27,26,2,42
28,0,1,42
28,17,4,42
28,22,2,42
29,0,1,42
29,8,1,42
29,11,5,42
29,19,1,42
29,22,1,42
29,24,2,42
0,1,10,43
0,2,14,43
0,3,8,43
0,4,8,43
0,6,17,43
0,7,20,43
0,8,2,43
0,9,2,43
0,10,1,43
0,12,3,43
0,15,1,43
0,17,2,43
0,18,1,43
0,19,1,43
0,21,4,43
0,22,8,43
0,26,1,43
0,27,1,43
0,28,1,43
1,0,1,43
2,0,3,43
2,2,2,43
2,4,5,43
2,6,2,43
2,9,1,43
2,11,2,43
2,15,1,43
2,29,3,43
3,1,1,43
4,0,9,43
4,1,12,43
4,3,6,43
4,4,1,43
4,5,4,43
4,7,2,43
4,10,2,43
4,15,1,43
4,18,2,43
4,20,2,43
4,24,1,43
4,27,1,43
5,3,1,43
5,17,1,43
5,21,1,43
6,0,1,43
6,6,1,43
6,8,1,43
6,12,1,43
6,24,1,43
7,0,5,43
7,2,2,43
7,3,3,43
7,4,1,43
7,9,3,43
7,12,1,43
7,20,1,43
7,21,1,43
8,4,1,43
9,0,3,43
9,3,1,43
9,8,11,43
9,11,1,43
9,13,6,43
9,14,1,43
9,16,1,43
9,19,1,43
9,26,1,43
9,28,2,43
10,0,3,43
10,11,3,43
10,12,10,43
10,14,1,43
10,19,4,43
10,23,1,43
10,28,1,43
11,9,1,43
12,0,7,43
12,2,8,43
12,3,16,43
12,4,10,43
12,6,3,43
12,7,1,43
12,8,1,43
12,9,7,43
12,10,1,43
12,16,3,43
12,20,1,43
12,21,2,43
12,23,2,43
12,25,3,43
12,26,1,43
13,0,2,43
13,1,3,43
14,0,14,43
14,1,3,43
14,2,4,43
14,5,2,43
14,21,2,43
15,0,2,43
16,1,1,43
16,8,4,43
16,12,1,43
16,13,3,43
16,26,1,43
17,0,4,43
17,1,11,43
17,2,1,43
17,4,8,43
17,9,1,43
17,10,1,43
17,21,4,43
17,23,5,43
17,24,1,43
17,25,1,43
18,12,2,43
18,24,1,43
18,26,2,43
19,4,1,43
19,7,1,43
19,11,1,43
20,0,2,43
20,26,1,43
21,11,1,43
21,13,1,43
22,0,15,43
22,2,2,43
22,3,1,43
22,5,3,43
23,2,3,43
24,0,7,43
24,1,7,43
24,2,7,43
24,3,4,43
24,26,1,43
25,3,5,43
25,4,1,43
26,5,2,43
26,9,4,43
26,12,4,43
26,13,1,43
26,16,2,43
26,26,1,43
26,29,1,43
27,0,2,43
27,3,4,43
27,9,1,43
27,23,3,43
29,1,1,43
29,4,1,43
29,11,1,43
29,12,1,43
29,16,1,43
29,19,2,43
0,1,4,44
0,2,1,44
0,3,1,44
0,5,3,44
0,6,12,44
0,7,17,44
0,9,1,44
0,10,6,44
0,13,2,44
0,15,2,44
0,17,3,44
0,20,1,44
0,22,1,44
0,26,2,44
0,27,2,44
2,2,4,44
2,3,1,44
2,24,2,44
2,29,2,44
3,0,1,44
3,2,2,44
3,4,2,44
3,29,4,44
4,1,2,44
4,3,4,44
4,4,2,44
4,5,2,44
4,11,1,44
4,15,1,44
4,17,2,44
4,20,2,44
4,22,1,44
6,0,4,44
7,0,5,44
7,1,3,44
7,3,1,44
7,4,2,44
7,22,2,44
9,6,1,44
9,13,2,44
9,14,1,44
9,19,2,44
10,0,2,44
10,1,2,44
10,13,3,44
11,16,1,44
11,28,1,44
12,0,10,44
12,2,6,44
12,3,12,44
12,4,3,44
12,7,2,44
12,8,2,44
12,9,2,44
12,10,2,44
12,13,7,44
12,14,1,44
12,16,1,44
12,18,2,44
12,21,4,44
12,23,1,44
12,29,5,44
13,16,3,44
14,0,9,44
16,12,2,44
16,16,2,44
16,26,1,44
17,1,10,44
17,2,2,44
17,4,4,44
17,9,4,44
17,20,1,44
17,21,1,44
17,22,3,44
18,0,1,44
18,8,1,44
19,29,2,44
20,8,2,44
21,2,2,44
21,13,1,44
21,14,2,44
21,23,2,44
22,0,12,44
22,3,1,44
23,3,1,44
24,1,3,44
24,2,3,44
24,3,1,44
24,5,2,44
24,10,1,44
24,18,2,44
24,21,1,44
25,9,2,44
25,13,2,44
25,25,2,44
26,2,1,44
26,5,2,44
26,13,2,44
26,28,2,44
27,4,2,44
27,5,2,44
28,8,2,44
29,23,2,44
29,28,2,44
0,1,6,45
0,3,1,45
0,4,2,45
0,6,8,45
0,7,17,45
0,10,1,45
0,11,1,45
0,14,1,45
0,19,5,45
0,28,1,45
2,0,1,45
2,2,1,45
2,3,1,45
2,4,2,45
2,9,2,45
2,18,5,45
2,21,1,45
2,29,11,45
3,1,1,45
3,2,1,45
3,3,1,45
3,5,3,45
3,7,3,45
4,0,2,45
4,1,14,45
4,3,5,45
4,4,1,45
4,5,1,45
4,7,1,45
4,9,3,45
4,15,6,45
4,18,1,45
4,21,1,45
7,0,4,45
7,3,1,45
7,6,2,45
7,7,2,45
7,21,2,45
8,1,1,45
8,4,4,45
9,13,3,45
10,0,2,45
10,2,5,45
10,13,2,45
10,26,2,45
12,0,4,45
12,2,10,45
12,3,16,45
12,4,3,45
12,9,3,45
12,14,2,45
12,17,4,45
12,21,4,45
12,23,2,45
13,0,3,45
14,0,13,45
14,24,1,45
16,14,2,45
16,27,1,45
17,0,6,45
17,1,8,45
17,2,2,45
17,4,3,45
17,5,1,45
17,10,1,45
17,21,4,45
17,22,3,45
18,0,1,45
19,1,2,45
21,8,2,45
21,12,5,45
22,0,21,45
22,2,1,45
22,8,1,45
22,10,1,45
23,3,2,45
24,0,2,45
24,1,1,45
24,2,2,45
24,3,1,45
24,5,2,45
24,18,1,45
24,24,1,45
24,29,1,45
25,26,2,45
26,8,1,45
27,0,1,45
27,8,2,45
27,17,2,45
27,22,2,45
27,23,4,45
27,26,1,45
29,0,1,45
29,8,2,45
29,10,2,45
0,1,2,46
0,2,1,46
0,3,5,46
0,4,4,46
0,6,13,46
0,7,26,46
0,9,4,46
0,10,3,46
0,11,1,46
0,12,2,46
0,13,3,46
0,14,2,46
0,18,4,46
0,19,4,46
0,22,3,46
0,23,1,46
0,27,4,46
0,28,1,46
1,7,2,46
2,0,2,46
2,1,2,46
2,2,4,46
2,7,1,46
2,9,2,46
2,15,1,46
2,24,2,46
2,26,4,46
2,29,2,46
3,0,4,46
3,2,2,46
3,3,1,46
3,4,4,46
3,22,1,46
3,29,1,46
4,0,1,46
4,1,2,46
4,3,3,46
4,4,1,46
4,5,5,46
4,9,1,46
4,10,2,46
4,12,2,46
4,15,5,46
4,18,2,46
4,21,2,46
4,23,2,46
5,18,1,46
5,22,2,46
6,0,1,46
6,10,2,46
6,24,1,46
7,0,3,46
7,6,5,46
7,7,1,46
7,12,2,46
7,21,1,46
7,22,5,46
7,24,1,46
7,26,4,46
9,2,2,46
9,6,2,46
9,11,1,46
9,13,10,46
9,14,3,46
9,16,3,46
9,17,1,46
9,26,2,46
10,0,2,46
10,12,3,46
10,17,4,46
10,28,1,46
11,26,3,46
12,0,3,46
12,2,9,46
12,3,17,46
12,4,3,46
12,5,2,46
12,15,2,46
12,16,2,46
12,18,1,46
12,20,5,46
12,21,1,46
12,23,3,46
12,27,2,46
13,13,1,46
14,0,14,46
14,3,4,46
14,10,4,46
14,17,2,46
14,26,2,46
16,0,6,46
16,7,1,46
16,10,2,46
16,17,4,46
16,24,3,46
17,0,1,46
17,1,5,46
17,2,2,46
17,4,8,46
17,6,4,46
17,18,1,46
17,21,12,46
17,22,2,46
17,26,4,46
18,8,1,46
20,8,1,46
21,0,1,46
21,4,2,46
21,8,4,46
21,10,2,46
21,13,1,46
21,14,2,46
21,19,4,46
21,21,1,46
21,24,3,46
21,26,2,46
21,27,1,46
22,0,21,46
22,5,5,46
22,6,3,46
22,27,1,46
23,17,2,46
24,0,2,46
24,1,1,46
24,2,7,46
24,3,4,46
24,5,1,46
24,17,1,46
24,18,2,46
25,0,3,46
25,13,1,46
25,25,1,46
26,12,1,46
27,0,4,46
27,5,4,46
27,6,2,46
27,7,3,46
27,10,5,46
27,12,3,46
27,14,1,46
27,17,2,46
27,20,2,46
27,22,1,46
27,26,1,46
29,3,4,46
29,5,4,46
29,12,1,46
29,19,1,46
29,24,7,46
29,27,2,46
0,1,3,47
0,3,2,47
0,4,1,47
0,5,2,47
0,6,17,47
0,7,18,47
0,8,3,47
0,9,1,47
0,10,7,47
0,12,3,47
0,16,2,47
0,17,5,47
0,18,1,47
0,19,6,47
0,22,5,47
0,24,1,47
0,26,2,47
0,27,2,47
1,3,1,47
2,0,2,47
2,3,2,47
2,4,2,47
2,9,4,47
2,12,1,47
2,24,6,47
2,29,3,47
3,2,2,47
3,4,5,47
3,5,1,47
3,21,1,47
3,25,1,47
4,3,7,47
4,4,1,47
4,6,1,47
4,10,1,47
4,15,2,47
4,18,5,47
4,21,2,47
4,23,1,47
6,0,2,47
6,12,2,47
6,24,2,47
6,27,2,47
7,0,13,47
7,3,2,47
7,4,2,47
7,6,3,47
7,7,2,47
7,8,1,47
7,17,2,47
7,22,6,47
7,23,1,47
7,24,8,47
7,27,2,47
7,28,1,47
9,0,1,47
9,13,9,47
9,14,2,47
9,17,1,47
9,19,1,47
9,26,2,47
9,27,1,47
10,0,2,47
10,5,2,47
10,7,1,47
10,10,1,47
10,11,1,47
11,8,1,47
11,13,1,47
11,14,2,47
11,17,4,47
11,24,1,47
12,0,3,47
12,2,5,47
12,3,11,47
12,4,1,47
12,5,3,47
12,10,1,47
12,11,2,47
12,20,8,47
12,21,3,47
12,23,2,47
12,25,2,47
13,3,1,47
14,0,14,47
14,3,2,47
14,4,2,47
14,5,1,47
14,10,3,47
14,17,2,47
14,26,1,47
16,0,6,47
16,8,4,47
16,11,1,47
16,24,1,47
16,26,1,47
17,0,3,47
17,1,10,47
17,2,5,47
17,4,4,47
17,17,2,47
17,21,2,47
18,12,1,47
18,27,1,47
19,1,1,47
19,2,1,47
19,4,1,47
20,11,2,47
21,0,5,47
21,6,1,47
21,7,2,47
21,8,1,47
21,10,2,47
21,12,1,47
21,14,1,47
21,24,3,47
21,26,5,47
22,0,12,47
22,2,2,47
22,4,1,47
22,10,3,47
22,17,4,47
22,22,1,47
22,24,1,47
23,1,1,47
24,1,4,47
24,2,7,47
24,3,3,47
24,8,2,47
24,18,5,47
24,26,1,47
24,27,1,47
24,29,2,47
25,2,3,47
25,10,1,47
25,25,1,47
26,8,2,47
26,13,9,47
26,14,2,47
26,19,1,47
26,29,1,47
27,0,3,47
27,5,6,47
27,6,1,47
27,7,4,47
27,10,6,47
27,12,2,47
27,17,2,47
27,26,6,47
27,27,1,47
28,17,1,47
29,0,1,47
29,3,1,47
29,6,2,47
29,8,2,47
29,11,1,47
29,12,1,47
29,17,4,47
29,24,5,47
29,27,2,47
0,1,12,48
0,2,5,48
0,3,1,48
0,4,1,48
0,5,5,48
0,6,16,48
0,7,12,48
0,8,1,48
0,9,2,48
0,10,9,48
0,11,2,48
0,12,2,48
0,17,1,48
0,18,1,48
0,19,2,48
0,20,2,48
0,22,2,48
0,24,2,48
0,26,2,48
0,27,7,48
1,0,2,48
2,0,2,48
2,1,5,48
2,2,2,48
2,6,1,48
2,15,2,48
2,18,1,48
2,29,2,48
3,2,2,48
3,4,5,48
3,5,1,48
3,21,2,48
3,24,1,48
3,29,1,48
4,0,4,48
4,3,1,48
4,4,1,48
4,5,1,48
4,6,2,48
4,9,1,48
4,15,4,48
4,18,2,48
4,21,1,48
6,0,3,48
6,10,2,48
6,24,1,48
6,27,1,48
7,0,15,48
7,3,1,48
7,22,1,48
7,24,3,48
9,13,4,48
9,14,11,48
9,19,2,48
10,11,1,48
10,26,1,48
11,0,3,48
11,12,2,48
11,13,2,48
12,0,18,48
12,2,2,48
12,3,2,48
12,5,5,48
12,8,2,48
12,14,2,48
12,15,1,48
12,16,1,48
12,18,2,48
12,20,5,48
13,5,1,48
13,16,1,48
13,24,2,48
13,27,2,48
14,0,16,48
14,2,1,48
14,3,1,48
14,10,1,48
14,15,1,48
14,24,1,48
16,6,1,48
16,8,2,48
16,11,1,48
16,12,2,48
16,13,1,48
16,27,1,48
17,1,2,48
17,2,3,48
17,4,2,48
17,6,1,48
17,9,1,48
17,15,1,48
17,21,2,48
18,8,2,48
19,1,1,48
20,0,1,48
20,8,6,48
20,19,1,48
21,0,1,48
21,7,1,48
21,13,1,48
21,14,2,48
22,0,11,48
22,10,1,48
22,22,1,48
22,26,1,48
23,3,1,48
24,1,1,48
24,2,3,48
24,3,2,48
24,15,4,48
24,18,5,48
26,9,2,48
26,12,1,48
26,13,1,48
26,29,1,48
27,0,1,48
27,6,1,48
27,17,1,48
27,19,2,48
27,20,2,48
27,22,1,48
27,26,1,48
27,27,2,48
28,17,3,48
29,0,1,48
29,6,1,48
29,8,1,48
29,13,2,48
29,23,1,48
29,24,1,48
29,28,2,48
0,1,9,49
0,2,2,49
0,3,5,49
0,4,1,49
0,5,6,49
0,6,4,49
0,7,4,49
0,8,5,49
0,10,5,49
0,11,1,49
0,12,1,49
0,13,2,49
0,15,2,49
0,16,1,49
0,17,1,49
0,18,2,49
0,22,1,49
0,27,12,49
1,0,2,49
2,0,2,49
2,1,6,49
2,2,1,49
2,4,1,49
2,8,2,49
2,15,4,49
2,27,3,49
2,29,2,49
3,1,2,49
3,2,2,49
3,4,3,49
3,12,2,49
4,0,2,49
4,1,1,49
4,3,1,49
4,5,5,49
4,8,1,49
4,9,1,49
6,0,2,49
7,0,7,49
7,6,1,49
7,27,7,49
9,0,1,49
9,13,1,49
9,14,1,49
9,18,2,49
9,19,1,49
10,0,9,49
10,2,1,49
10,5,2,49
10,9,1,49
10,22,2,49
12,0,6,49
12,2,1,49
12,3,2,49
12,4,5,49
12,5,2,49
12,6,2,49
12,11,2,49
12,13,2,49
12,16,4,49
12,18,2,49
12,20,8,49
13,1,2,49
14,0,3,49
14,1,4,49
14,3,1,49
14,7,2,49
14,8,1,49
14,27,2,49
16,12,1,49
17,0,4,49
17,1,4,49
17,21,1,49
17,28,1,49
20,0,2,49
20,19,1,49
21,0,1,49
22,0,2,49
22,2,1,49
22,6,2,49
24,1,1,49
24,2,3,49
24,18,2,49
24,21,1,49
24,27,1,49
26,1,2,49
26,13,2,49
27,9,1,49
29,9,1,49
